plant_id,day,severity,leaf_area,temperature,humidity,final_yield
SYN_0001,0,16.479076,87.83882,24.720043,67.22667,1.1624343
SYN_0001,7,30.358229,88.993324,24.806799,62.799667,1.1464629
SYN_0001,14,37.674088,83.255714,23.860779,66.78421,1.1498392
SYN_0001,21,62.98518,75.96836,22.775154,62.340603,1.1801473
SYN_0001,28,66.76174,72.92911,24.750526,70.32976,1.1805001
SYN_0002,0,22.475403,90.81419,27.55587,73.79037,1.085284
SYN_0002,7,38.505898,85.34894,27.612398,68.998375,1.1225146
SYN_0002,14,52.10969,78.40328,27.241276,66.28891,1.12694
SYN_0002,21,68.894035,75.52512,27.773726,71.39856,1.1158922
SYN_0002,28,73.497665,71.98342,28.408089,69.44625,1.1066513
SYN_0003,0,28.632862,79.2096,29.46889,61.587715,1.0643911
SYN_0003,7,39.51797,73.99129,28.51063,60.05417,1.0818436
SYN_0003,14,52.84321,64.855385,28.700127,65.371185,1.080869
SYN_0003,21,60.005825,64.36562,26.212774,61.668583,1.0497195
SYN_0003,28,80.584145,66.12999,28.079172,68.488,1.120229
SYN_0004,0,27.184538,80.639824,25.950504,66.85994,1.0507258
SYN_0004,7,46.77183,81.26655,26.80534,58.390274,1.0899451
SYN_0004,14,57.502537,74.53162,27.03751,59.704906,1.0622479
SYN_0004,21,60.786083,67.05394,26.43444,57.58827,1.0524572
SYN_0004,28,73.76034,67.16247,26.53625,61.068047,1.0493793
SYN_0005,0,20.991367,90.46197,29.602823,66.10837,1.0531095
SYN_0005,7,21.06969,83.41195,31.416996,67.79801,0.9847895
SYN_0005,14,43.228313,79.52582,29.049847,68.12162,1.0393568
SYN_0005,21,69.353386,75.272095,30.652138,66.38229,1.025658
SYN_0005,28,73.38103,74.48154,30.040846,67.52948,1.0068262
SYN_0006,0,22.830849,82.95433,25.035633,68.698074,1.0576885
SYN_0006,7,42.535763,82.506096,23.274,65.42603,1.0470606
SYN_0006,14,51.455006,71.998085,24.015152,62.503387,1.0556574
SYN_0006,21,69.14971,70.592285,25.157692,65.7729,1.0611533
SYN_0006,28,74.23692,66.929054,25.841589,68.09605,1.0833497
SYN_0007,0,32.611942,88.170074,24.003569,55.323498,1.0824586
SYN_0007,7,26.915766,85.16046,23.73395,59.003468,1.040633
SYN_0007,14,33.8096,81.02766,23.68289,56.9556,1.1055837
SYN_0007,21,57.192497,73.082466,23.557392,62.218235,1.0945176
SYN_0007,28,65.73741,68.396164,24.730204,57.277184,1.0678339
SYN_0008,0,15.08382,89.06677,20.225426,71.71203,0.9840671
SYN_0008,7,27.638462,80.90627,21.412361,68.575424,0.969067
SYN_0008,14,47.995857,76.85269,22.640802,73.447624,1.0423603
SYN_0008,21,65.76443,72.35764,21.380898,73.585815,1.0044717
SYN_0008,28,67.548386,67.52393,21.561928,68.22779,1.0027292
SYN_0009,0,37.873253,88.25847,23.827538,75.43192,0.83341026
SYN_0009,7,50.891422,77.46117,23.350208,77.890755,0.8251152
SYN_0009,14,66.74347,72.16855,23.784197,69.9023,0.8560818
SYN_0009,21,81.432884,65.94127,23.37067,71.54886,0.8353034
SYN_0009,28,87.5651,64.906715,23.527699,70.62242,0.83605117
SYN_0010,0,33.611347,81.03239,27.776274,67.85767,0.92960584
SYN_0010,7,44.708374,77.60388,25.84885,68.71439,0.91072387
SYN_0010,14,63.164043,77.03383,27.169981,64.74503,0.93350434
SYN_0010,21,67.8656,68.647606,26.421452,67.1065,0.92542595
SYN_0010,28,77.59737,69.25714,25.472795,63.793613,0.95117027
SYN_0011,0,24.442772,85.139145,22.42414,71.125175,1.0345424
SYN_0011,7,44.526897,78.46118,24.351477,68.08031,0.9948922
SYN_0011,14,71.006165,73.85043,23.400543,74.87036,0.99548167
SYN_0011,21,57.513084,67.61974,24.172451,72.07121,1.0352507
SYN_0011,28,89.419945,67.693726,24.205517,71.284225,0.9976984
SYN_0012,0,18.209873,86.611855,25.888136,73.61859,1.0828893
SYN_0012,7,19.62973,82.55011,25.203793,68.76422,1.1058846
SYN_0012,14,49.44178,73.50921,24.913317,71.54954,1.0775172
SYN_0012,21,72.12133,69.38992,26.48628,64.306046,1.1076931
SYN_0012,28,84.126526,64.91901,26.973686,68.69329,1.0669266
SYN_0013,0,23.272253,85.95132,25.756847,69.30879,1.0474834
SYN_0013,7,37.25615,81.13304,26.35534,65.093185,1.0217882
SYN_0013,14,57.43741,72.16852,27.877838,61.596363,1.0240992
SYN_0013,21,73.541245,70.04113,25.251328,66.33025,1.0310391
SYN_0013,28,78.30003,64.51337,26.139051,62.974648,1.0146989
SYN_0014,0,25.83258,84.3456,23.411406,64.01995,0.96842927
SYN_0014,7,47.442272,74.750496,24.349789,65.32121,0.937809
SYN_0014,14,60.681736,71.57506,24.69383,67.45701,0.9154925
SYN_0014,21,65.25626,68.799484,23.182072,67.65297,0.9594062
SYN_0014,28,81.53014,64.36365,23.724386,64.0222,0.9299966
SYN_0015,0,22.282711,86.40431,26.099703,63.832077,1.1167728
SYN_0015,7,34.08925,81.9196,29.287674,62.812675,1.0847878
SYN_0015,14,45.200497,78.85943,26.249128,66.730095,1.1005862
SYN_0015,21,62.105934,71.85859,26.979616,63.862686,1.1158731
SYN_0015,28,77.82244,65.85248,26.901247,61.879986,1.0872144
SYN_0016,0,20.134848,83.39262,24.140163,74.3544,1.1246256
SYN_0016,7,35.066177,79.42812,21.20549,71.52952,1.1303862
SYN_0016,14,55.548336,73.20271,24.605227,67.58879,1.1178479
SYN_0016,21,76.44019,62.596848,23.226458,70.848495,1.158292
SYN_0016,28,77.70225,65.792786,23.261219,69.02825,1.071627
SYN_0017,0,13.168034,91.9754,27.210552,58.483757,1.1026685
SYN_0017,7,16.778557,87.15612,30.018312,57.662243,1.0953785
SYN_0017,14,31.823654,77.404015,28.545341,56.107864,1.129759
SYN_0017,21,52.92884,75.65615,28.860119,56.786972,1.096564
SYN_0017,28,64.795616,70.552536,28.114508,50.562527,1.1483688
SYN_0018,0,17.463528,84.17578,29.102802,66.26731,1.0603651
SYN_0018,7,41.90202,82.66636,27.5979,66.31007,1.0733606
SYN_0018,14,53.488335,76.72408,28.105837,65.51761,1.0032508
SYN_0018,21,75.311554,71.25847,28.142189,63.500656,1.0730411
SYN_0018,28,76.14149,67.71186,28.331379,66.334076,1.0558308
SYN_0019,0,33.853413,85.53989,29.99313,76.04277,1.0983114
SYN_0019,7,37.156048,85.78346,28.286673,71.49699,1.1022227
SYN_0019,14,61.713806,74.446915,28.975443,71.74581,1.1561543
SYN_0019,21,57.72762,73.64686,28.809906,72.276115,1.138415
SYN_0019,28,75.81321,68.51919,29.39737,78.09429,1.185216
SYN_0020,0,17.176723,90.45521,26.298414,61.20812,1.1227697
SYN_0020,7,31.097486,85.168655,28.392149,54.08005,1.1877536
SYN_0020,14,49.16096,76.67807,27.094923,61.730446,1.1897429
SYN_0020,21,69.65984,70.50799,28.305841,59.60877,1.1473163
SYN_0020,28,75.74824,70.43057,27.408976,56.06156,1.1972265
SYN_0021,0,39.66156,80.95558,27.435383,69.04916,1.1573135
SYN_0021,7,36.856197,77.239174,28.950523,69.267525,1.1250834
SYN_0021,14,58.656933,70.99115,28.257635,63.91258,1.067883
SYN_0021,21,74.58657,65.672295,28.373226,59.629894,1.0643005
SYN_0021,28,75.54831,64.04683,29.77076,69.16474,1.1008838
SYN_0022,0,22.522781,84.9872,25.0809,77.474815,1.0121948
SYN_0022,7,28.733751,80.52105,25.403967,76.23863,1.0905291
SYN_0022,14,51.943577,72.33736,26.385683,78.82904,1.0534757
SYN_0022,21,73.201164,68.21247,25.007286,71.28906,1.0592843
SYN_0022,28,66.08688,65.147545,27.551823,82.8146,1.0535214
SYN_0023,0,26.362734,86.8602,25.389584,93.16809,1.0766393
SYN_0023,7,38.559288,81.3298,27.137955,87.99338,1.0930444
SYN_0023,14,57.512848,75.58563,25.93603,90.968605,1.1193486
SYN_0023,21,67.69521,71.043655,25.220493,90.80828,1.0687648
SYN_0023,28,75.65671,68.53534,26.309814,93.05406,1.1079679
SYN_0024,0,38.03654,77.14948,25.438274,77.00175,0.9428558
SYN_0024,7,70.80961,67.70963,26.990248,70.01352,0.8174659
SYN_0024,14,74.70802,65.040054,25.321726,78.74596,0.8873557
SYN_0024,21,89.84036,59.836304,26.719034,74.06586,0.86551064
SYN_0024,28,86.088936,65.89384,24.380367,68.18647,0.9325676
SYN_0025,0,14.9954605,86.06712,25.207644,75.84612,1.0366532
SYN_0025,7,30.668335,84.07306,24.757488,77.12318,1.0383863
SYN_0025,14,52.793957,80.10141,23.443878,69.70322,1.0279832
SYN_0025,21,56.56518,71.25428,22.67551,79.328415,1.060386
SYN_0025,28,77.927734,69.00812,24.088417,74.33765,1.0136247
SYN_0026,0,25.011272,81.06159,25.643904,73.382195,1.1549512
SYN_0026,7,48.77025,74.32831,26.275969,73.41758,1.1680316
SYN_0026,14,55.252396,67.16387,24.331932,67.63922,1.1874748
SYN_0026,21,63.535076,66.028786,25.497648,74.837944,1.1084805
SYN_0026,28,73.03121,64.419586,25.63226,69.686935,1.1651324
SYN_0027,0,20.842875,89.549706,24.492573,65.244156,1.0376767
SYN_0027,7,35.530163,81.03296,22.793447,62.464157,0.9948173
SYN_0027,14,56.56721,73.71084,23.554134,68.50109,0.9731767
SYN_0027,21,64.54203,71.20693,22.218712,63.601383,1.0319105
SYN_0027,28,85.80793,69.15297,23.64938,69.09402,1.0443133
SYN_0028,0,28.313593,88.41693,25.376978,65.5304,1.004676
SYN_0028,7,28.634758,84.892914,26.35401,67.81591,1.0352303
SYN_0028,14,52.673695,77.10486,25.105228,66.742065,1.0112445
SYN_0028,21,68.40085,70.45464,24.555542,66.83591,1.0647131
SYN_0028,28,84.56984,64.226494,25.23347,67.95627,1.0151864
SYN_0029,0,23.87563,90.956276,26.440027,62.087242,1.0708916
SYN_0029,7,26.180487,85.34898,26.168072,66.19393,1.0298176
SYN_0029,14,47.591293,79.30231,27.416712,66.156944,1.0567558
SYN_0029,21,69.91989,76.588646,26.359512,67.342766,1.0829055
SYN_0029,28,71.9296,71.177,27.209106,70.20012,1.0548893
SYN_0030,0,23.80853,88.81214,24.090734,62.734913,0.96604234
SYN_0030,7,47.874275,79.85225,25.880114,62.949158,0.9582973
SYN_0030,14,71.724754,75.2194,25.602982,66.037346,0.9374616
SYN_0030,21,82.26491,65.189156,24.145302,68.5518,0.94129556
SYN_0030,28,78.02766,68.31675,23.836227,68.4374,0.96138895
SYN_0031,0,25.947989,87.21723,25.447615,69.86782,0.97591364
SYN_0031,7,36.583416,81.005394,25.440369,73.22462,0.9359154
SYN_0031,14,54.36937,70.321915,25.164198,68.18318,0.97934586
SYN_0031,21,74.61861,69.59195,25.280882,63.14537,0.975477
SYN_0031,28,84.70156,68.05124,26.91097,67.726036,0.9486186
SYN_0032,0,34.608677,78.38918,25.269325,62.20661,0.9769212
SYN_0032,7,42.499355,79.826904,26.512604,59.346443,1.0154908
SYN_0032,14,46.91135,75.00642,26.027897,58.800224,0.9820188
SYN_0032,21,63.26995,67.09304,25.517452,61.293476,1.0099012
SYN_0032,28,78.21727,66.13329,26.048769,58.410374,1.0039624
SYN_0033,0,47.95933,86.17412,27.34509,66.1824,1.0591952
SYN_0033,7,47.135136,85.76757,26.408335,66.61294,1.0732102
SYN_0033,14,65.88013,83.59972,26.111835,64.73409,1.0427518
SYN_0033,21,68.18018,79.572205,29.42021,69.59689,1.0825822
SYN_0033,28,79.004715,75.45183,25.78075,64.073425,1.0821154
SYN_0034,0,31.72262,76.97147,23.056526,63.922108,1.1446772
SYN_0034,7,32.97438,78.17992,24.460083,64.09024,1.1111021
SYN_0034,14,50.290916,70.286316,23.035208,57.038315,1.1551851
SYN_0034,21,67.895256,64.562996,23.849321,62.706284,1.1394774
SYN_0034,28,65.88668,66.16244,22.441021,62.52307,1.1406959
SYN_0035,0,39.054504,91.21156,25.170612,75.35354,0.93433607
SYN_0035,7,53.489197,79.610466,25.570852,84.1607,0.95898914
SYN_0035,14,72.6606,73.97604,24.028345,73.86407,0.982817
SYN_0035,21,83.325264,76.04314,23.724302,76.413376,0.93916535
SYN_0035,28,75.22318,72.00725,25.514662,83.423996,0.95770574
SYN_0036,0,23.763086,79.56112,28.33529,71.229965,1.1415042
SYN_0036,7,34.388332,82.34765,28.27771,70.06844,1.1606487
SYN_0036,14,58.73348,74.13819,24.42386,76.99221,1.1317346
SYN_0036,21,61.63202,80.281845,26.38168,75.41301,1.2116885
SYN_0036,28,65.063896,74.29775,28.54351,73.703255,1.1503506
SYN_0037,0,31.56407,83.375145,23.20511,52.783993,1.21357
SYN_0037,7,34.097668,78.20363,24.79943,52.601254,1.2461693
SYN_0037,14,57.39286,73.65727,23.73642,55.8785,1.1984272
SYN_0037,21,60.895054,72.68449,23.516258,58.487915,1.2248822
SYN_0037,28,65.550095,71.34938,22.8237,54.480526,1.2486542
SYN_0038,0,21.422153,88.22102,28.156507,74.87714,1.1749933
SYN_0038,7,39.967693,83.41304,28.160494,72.56193,1.138847
SYN_0038,14,50.181293,79.396484,26.135012,76.102356,1.1697412
SYN_0038,21,58.624622,72.3149,24.805845,73.48052,1.1936706
SYN_0038,28,71.01447,75.408325,26.533226,72.65189,1.1105231
SYN_0039,0,12.524731,90.13609,23.50853,71.56556,0.9203631
SYN_0039,7,28.33973,87.426765,26.074799,77.463486,0.9895897
SYN_0039,14,50.211693,75.88651,23.831612,75.43308,0.98012865
SYN_0039,21,64.52176,77.415344,24.302938,73.04537,0.925984
SYN_0039,28,85.62983,75.55516,24.43776,78.15955,0.96115786
SYN_0040,0,28.91958,84.80022,25.518757,57.949505,1.1292077
SYN_0040,7,40.956993,83.66691,26.254997,57.03151,1.1149681
SYN_0040,14,59.93162,72.06111,26.601494,58.63101,1.0983306
SYN_0040,21,74.96833,72.607414,26.531174,57.098484,1.1418415
SYN_0040,28,80.223114,67.98414,25.912113,56.11171,1.058943
SYN_0041,0,20.082823,99.09913,27.956268,84.276855,1.0091325
SYN_0041,7,27.74669,89.26077,26.849081,81.41625,0.95628303
SYN_0041,14,47.30083,82.909,26.92424,81.40677,1.0152045
SYN_0041,21,66.9545,77.68154,27.953539,84.83604,1.0121108
SYN_0041,28,78.50141,67.522385,26.354706,84.59526,0.9774174
SYN_0042,0,19.4777,90.88441,25.29844,72.95761,0.9881944
SYN_0042,7,27.397995,83.14816,26.427015,70.84117,0.9296515
SYN_0042,14,52.0025,73.42333,25.21522,76.25855,0.97630525
SYN_0042,21,70.32177,70.932014,24.748888,69.398964,0.9769476
SYN_0042,28,85.28948,68.865326,24.331882,77.23619,0.9535786
SYN_0043,0,30.90372,82.7358,26.827864,70.53206,0.95479876
SYN_0043,7,35.657955,82.73257,24.682814,62.944508,0.99237776
SYN_0043,14,57.009563,76.66937,26.9576,72.42661,1.0181686
SYN_0043,21,58.91553,72.99048,26.890799,67.63481,0.94205576
SYN_0043,28,73.164474,69.219215,26.904512,69.68178,1.0037858
SYN_0044,0,18.20673,88.424644,26.679037,70.79504,1.1921176
SYN_0044,7,27.031202,86.98894,26.686594,68.2574,1.1813397
SYN_0044,14,46.0418,77.96712,27.197048,70.16268,1.2045482
SYN_0044,21,59.753384,77.00169,26.108433,72.039085,1.2144957
SYN_0044,28,71.11712,71.64344,27.031971,64.52677,1.2097508
SYN_0045,0,20.398148,87.64383,25.088482,76.71713,1.0173622
SYN_0045,7,52.975822,79.45151,24.563738,75.764565,1.0168377
SYN_0045,14,68.03845,69.97956,23.163507,76.37642,1.0324972
SYN_0045,21,71.557274,70.57426,26.126598,81.9958,1.0195843
SYN_0045,28,77.520386,70.69448,22.91251,74.54938,0.96576226
SYN_0046,0,32.011776,88.4538,23.142635,64.58939,0.938715
SYN_0046,7,58.719593,82.23532,24.448727,58.762634,0.942111
SYN_0046,14,68.029015,76.75444,23.578398,65.346214,0.99592346
SYN_0046,21,87.77723,66.92633,23.369244,53.557785,0.96716475
SYN_0046,28,91.66251,68.24849,21.210894,60.103447,0.8934935
SYN_0047,0,2.7556837,95.87177,29.377565,66.520546,0.9392603
SYN_0047,7,17.502731,89.38149,29.40084,65.39297,0.92379814
SYN_0047,14,47.1835,81.843124,29.943998,66.49491,0.90444696
SYN_0047,21,64.64603,78.76751,29.735193,65.54812,0.941514
SYN_0047,28,69.630356,69.02689,29.91092,63.913177,0.8727502
SYN_0048,0,25.260044,80.33364,27.253868,78.09281,1.0200267
SYN_0048,7,39.202892,76.596985,26.738665,74.5647,0.9920623
SYN_0048,14,49.990986,71.90277,27.39661,73.49873,1.0518802
SYN_0048,21,75.26742,66.60563,28.908392,74.43086,0.97173035
SYN_0048,28,88.97681,67.64182,25.187265,72.57186,1.0637327
SYN_0049,0,30.247095,91.218346,25.198624,70.205376,0.97726923
SYN_0049,7,32.47898,83.75749,22.934853,70.896996,0.9271626
SYN_0049,14,49.66989,82.85025,24.359596,66.30948,0.9325748
SYN_0049,21,62.859066,73.19629,23.435556,72.58464,0.9609266
SYN_0049,28,76.17028,73.80493,25.733503,72.03465,0.94699836
SYN_0050,0,14.25061,89.703384,25.907064,56.271317,1.0422578
SYN_0050,7,28.045473,81.18498,26.059444,54.976067,1.0589014
SYN_0050,14,46.038696,74.637695,25.078745,51.347237,1.0176105
SYN_0050,21,69.846275,68.88461,27.059175,54.339424,1.0069838
SYN_0050,28,85.01442,63.98509,24.705189,53.900887,1.0288581
SYN_0051,0,30.540005,82.80782,28.718521,76.73539,1.0307297
SYN_0051,7,40.197865,84.75004,27.101877,74.58574,1.0382261
SYN_0051,14,50.460064,82.624504,26.883574,71.415665,1.0476851
SYN_0051,21,63.319485,75.915535,28.72962,79.137695,1.0487846
SYN_0051,28,92.96372,69.1267,28.020851,72.26124,1.066622
SYN_0052,0,26.563013,81.44084,25.947248,60.68747,0.9227433
SYN_0052,7,42.261387,77.676895,29.571743,64.27859,0.97071385
SYN_0052,14,55.02346,73.56624,27.51734,65.96114,0.8856367
SYN_0052,21,70.95313,64.57345,26.110233,62.99648,0.92137676
SYN_0052,28,83.35741,66.24667,28.550243,67.155235,0.89580536
SYN_0053,0,35.35639,82.1479,24.711252,69.40541,1.0679455
SYN_0053,7,49.123016,83.32,25.94763,67.82404,1.1199871
SYN_0053,14,64.54783,77.31059,24.645992,71.8594,1.1331242
SYN_0053,21,77.40503,67.95192,26.149147,68.1775,1.0512952
SYN_0053,28,84.996895,70.54622,26.554882,70.821526,1.1258981
SYN_0054,0,35.629894,76.949585,23.507978,79.27487,1.2403702
SYN_0054,7,44.089203,75.166855,21.578554,70.1359,1.2120497
SYN_0054,14,49.62457,73.947235,22.583292,69.68315,1.2974193
SYN_0054,21,63.828255,70.95988,21.847383,68.80457,1.2820094
SYN_0054,28,71.80621,73.93234,23.217012,71.49519,1.2468276
SYN_0055,0,32.588394,87.36226,23.807932,61.13917,0.97490364
SYN_0055,7,40.523,88.15638,23.757189,56.0455,0.9616951
SYN_0055,14,49.403347,73.57064,21.355345,64.01557,0.95464325
SYN_0055,21,70.41006,73.795525,23.587181,57.867573,0.9438465
SYN_0055,28,69.19355,66.84436,23.636808,57.11875,0.9160386
SYN_0056,0,18.826347,95.89207,22.359886,71.9982,0.8872407
SYN_0056,7,19.353111,85.927345,25.50868,71.311935,0.9053898
SYN_0056,14,50.571117,76.01397,24.422306,70.78642,0.9103483
SYN_0056,21,78.60228,71.93131,25.481758,72.24244,0.9016919
SYN_0056,28,83.46709,71.48016,24.237608,74.775925,0.8978295
SYN_0057,0,36.62971,82.38025,23.988401,79.04727,1.1830292
SYN_0057,7,35.01096,76.28793,28.275124,79.65216,1.1388566
SYN_0057,14,51.28837,75.24618,25.887125,81.51446,1.1584572
SYN_0057,21,63.729404,63.11647,25.236229,80.479836,1.0783213
SYN_0057,28,54.956406,64.49875,20.63978,86.81583,1.1503946
SYN_0058,0,10.369186,92.20017,25.907627,55.342484,1.0288438
SYN_0058,7,23.587992,84.528206,25.166866,56.86973,1.0147791
SYN_0058,14,46.51759,80.605156,24.25394,52.531815,1.0115147
SYN_0058,21,56.402954,76.97519,25.434397,62.053577,1.0160005
SYN_0058,28,74.51148,71.53613,25.307842,56.824146,1.0102311
SYN_0059,0,36.462467,88.06926,28.010342,81.65865,1.209903
SYN_0059,7,40.754562,79.485596,26.601044,76.42693,1.1969776
SYN_0059,14,57.80822,78.73901,27.468658,71.10104,1.1724739
SYN_0059,21,71.68627,72.33329,24.990429,74.646126,1.1830913
SYN_0059,28,75.729294,69.32845,26.916384,74.133896,1.203087
SYN_0060,0,3.5149915,89.70725,26.758318,68.77575,0.94139475
SYN_0060,7,37.334507,86.07623,26.931787,65.79843,0.9377276
SYN_0060,14,43.422688,79.60708,26.60233,67.01056,0.91185194
SYN_0060,21,66.91486,69.969696,25.911213,68.21284,0.8828718
SYN_0060,28,83.754486,63.4254,25.987583,68.946785,0.8665924
SYN_0061,0,20.254456,85.20309,25.411034,77.6089,1.1598488
SYN_0061,7,24.022305,80.80338,25.209692,73.643776,1.1087875
SYN_0061,14,24.586279,74.96112,26.304663,72.682495,1.1430867
SYN_0061,21,51.403168,74.75381,22.511473,75.527405,1.1302243
SYN_0061,28,50.057518,70.26865,24.340443,71.363464,1.1239524
SYN_0062,0,46.90932,86.833046,28.998018,64.09789,0.9376863
SYN_0062,7,38.740997,82.49768,25.746445,70.853676,0.95690876
SYN_0062,14,57.312553,72.98676,28.752218,57.258694,0.99769896
SYN_0062,21,69.5627,82.74063,27.18479,59.059395,1.0087847
SYN_0062,28,77.6063,74.44076,28.51035,61.449978,1.0689145
SYN_0063,0,26.807804,83.37344,26.477652,68.60747,0.9406306
SYN_0063,7,60.646767,72.11505,29.134863,64.25741,0.9488802
SYN_0063,14,71.382324,67.86896,28.924147,61.843315,0.9384515
SYN_0063,21,73.40685,70.3187,27.074966,69.19138,0.9751329
SYN_0063,28,72.97792,62.37521,28.016384,67.74048,0.90963197
SYN_0064,0,23.763756,85.4157,24.421057,64.94749,1.1129851
SYN_0064,7,35.96382,83.221596,25.197044,66.55571,1.0995623
SYN_0064,14,51.9679,78.48744,25.293139,66.58088,1.1371409
SYN_0064,21,61.293407,74.9086,26.560575,71.449455,1.1131233
SYN_0064,28,60.34156,73.8857,25.81194,66.28628,1.0710146
SYN_0065,0,23.569845,87.017746,25.30165,69.12813,0.9908906
SYN_0065,7,40.62851,79.83384,27.609678,63.10907,0.9986822
SYN_0065,14,69.38988,75.51106,27.772272,64.71382,1.0215482
SYN_0065,21,70.748604,69.01343,26.107866,65.52682,1.0072006
SYN_0065,28,82.34242,70.393364,25.833452,63.891483,1.0340768
SYN_0066,0,19.121708,93.7419,25.907469,71.41118,0.95119935
SYN_0066,7,29.465363,86.88578,27.67837,66.1904,0.96305674
SYN_0066,14,54.32427,79.47035,26.1031,73.38352,0.9614641
SYN_0066,21,81.35372,74.32545,26.770311,71.8097,0.9787989
SYN_0066,28,82.18572,74.19046,25.397959,69.65176,0.9407505
SYN_0067,0,15.939007,88.5962,27.660522,61.52311,1.1516644
SYN_0067,7,27.24867,86.16177,27.84913,61.678738,1.1169982
SYN_0067,14,42.886517,79.66408,29.124247,64.14208,1.0798967
SYN_0067,21,55.514076,71.00834,28.523193,63.302406,1.1402901
SYN_0067,28,68.06556,74.70196,27.121372,61.563828,1.1242155
SYN_0068,0,32.72884,82.267494,26.147657,64.872375,0.9481202
SYN_0068,7,48.41945,75.39534,27.274277,64.85103,0.9605472
SYN_0068,14,60.519714,72.30053,27.372076,67.05793,0.91938764
SYN_0068,21,85.22797,66.38231,27.793514,68.80702,0.93046
SYN_0068,28,87.51942,65.4544,28.531374,66.46232,0.92852527
SYN_0069,0,12.463264,93.62553,24.186884,69.124245,1.0197207
SYN_0069,7,25.34658,86.492035,23.406609,71.11857,1.0324366
SYN_0069,14,48.627457,79.872925,24.138628,66.51873,1.0428029
SYN_0069,21,60.550938,72.08356,23.397554,68.06039,0.9900579
SYN_0069,28,75.23442,68.830086,23.749434,66.727585,1.0346278
SYN_0070,0,13.02655,88.217926,28.51639,74.2703,0.8662091
SYN_0070,7,25.803516,88.264626,29.819468,64.815956,0.9119222
SYN_0070,14,39.981426,78.42464,30.169382,76.254906,0.8885907
SYN_0070,21,76.47981,68.309654,28.15683,73.31504,0.8865946
SYN_0070,28,90.23341,67.51344,30.118359,68.3286,0.8512009
SYN_0071,0,23.994835,89.847466,26.70268,66.72351,1.0791978
SYN_0071,7,26.681181,81.87885,29.268167,63.219894,1.0966711
SYN_0071,14,58.04365,75.374344,28.8658,68.603065,1.1033851
SYN_0071,21,76.15808,69.019615,28.891932,71.3539,1.133375
SYN_0071,28,74.6059,66.29343,27.500431,71.93023,1.0901273
SYN_0072,0,17.347359,97.1757,26.489569,67.98518,0.86801374
SYN_0072,7,33.340466,91.995476,28.215378,66.481316,0.84487104
SYN_0072,14,63.60637,80.98956,25.409655,65.432655,0.8494296
SYN_0072,21,58.420067,74.98897,25.532364,70.72719,0.87458766
SYN_0072,28,79.52848,68.44584,28.487701,74.70362,0.8749464
SYN_0073,0,27.010557,89.21035,27.025486,81.052826,0.9686253
SYN_0073,7,26.442,86.268776,23.855347,82.21881,0.94789016
SYN_0073,14,45.21525,78.77224,25.448544,78.73862,0.99207103
SYN_0073,21,63.109554,76.95737,22.905197,80.96011,0.9879132
SYN_0073,28,67.639046,78.04036,25.841883,72.52445,0.90141654
SYN_0074,0,7.646507,90.41663,29.035376,56.90824,1.0898577
SYN_0074,7,17.098564,82.668396,26.492392,56.196705,1.0612004
SYN_0074,14,37.152714,78.30629,27.899841,60.571556,1.0311594
SYN_0074,21,71.500336,69.66067,27.125349,55.552704,1.0244195
SYN_0074,28,80.93964,67.86181,25.484022,63.611877,1.0872803
SYN_0075,0,43.638275,77.438255,28.536095,61.42432,1.1551405
SYN_0075,7,44.92142,80.70325,28.377289,57.462814,1.1761734
SYN_0075,14,67.30619,70.74206,27.602972,64.69224,1.193916
SYN_0075,21,74.76789,69.41876,27.643772,67.515945,1.1551983
SYN_0075,28,82.156235,65.07897,27.513071,61.860405,1.1213753
SYN_0076,0,22.83258,90.01122,26.222649,68.8712,0.8670389
SYN_0076,7,17.332684,85.19353,28.033808,63.95296,0.8976333
SYN_0076,14,45.693573,74.76926,27.232023,58.57436,0.9049684
SYN_0076,21,63.79165,73.669266,26.156748,61.788563,0.87994784
SYN_0076,28,81.624435,69.391,27.745174,65.290565,0.9338551
SYN_0077,0,23.821352,87.73591,25.333578,72.79931,0.95616394
SYN_0077,7,44.75249,78.53833,25.272186,62.2388,0.95260704
SYN_0077,14,63.59851,75.78703,27.595219,71.81176,0.9350198
SYN_0077,21,84.94138,66.64233,24.946966,72.34178,0.9452165
SYN_0077,28,87.15414,66.14287,25.91052,72.62477,0.91986454
SYN_0078,0,35.672436,91.31942,25.6928,73.32731,0.9499041
SYN_0078,7,56.937653,84.736435,23.081821,74.97401,0.8850351
SYN_0078,14,64.51686,79.55598,24.681257,73.25086,0.9008959
SYN_0078,21,73.55164,78.01704,24.015827,71.76322,0.9079741
SYN_0078,28,83.9072,67.85206,24.09112,67.60274,0.89997333
SYN_0079,0,28.50837,92.098755,23.702883,67.78151,1.0577141
SYN_0079,7,29.73661,85.01928,22.98837,68.53592,1.0579224
SYN_0079,14,40.235912,86.09291,24.771011,62.211754,1.0356083
SYN_0079,21,62.209232,78.41421,24.646664,66.425255,1.041754
SYN_0079,28,71.92999,78.33681,24.664639,64.76807,1.1422315
SYN_0080,0,39.357445,76.19282,28.45074,78.85371,0.9641761
SYN_0080,7,74.31557,61.547382,28.224882,70.53531,0.83847785
SYN_0080,14,88.57859,75.39821,29.21757,90.09968,0.91184324
SYN_0080,21,83.335335,70.19903,27.068743,78.1286,0.88437873
SYN_0080,28,91.349304,65.67522,28.214449,76.93172,0.95686483
SYN_0081,0,7.769153,94.53524,24.298046,64.17883,1.0115398
SYN_0081,7,20.407818,89.25429,24.118639,69.87521,0.9850734
SYN_0081,14,40.493343,78.30718,25.58535,59.4637,1.0470165
SYN_0081,21,66.00208,68.60883,26.033361,66.57946,0.94385993
SYN_0081,28,91.94458,66.5084,23.659365,69.43124,0.9874383
SYN_0082,0,28.470825,83.19253,27.219887,78.46138,0.8976196
SYN_0082,7,46.163876,79.41463,24.565676,80.58339,0.92777574
SYN_0082,14,47.25568,77.7444,26.126228,73.782265,0.9820389
SYN_0082,21,62.44642,71.64863,23.718357,78.25243,0.9531987
SYN_0082,28,75.679146,69.02213,23.457493,73.49814,0.9096566
SYN_0083,0,22.513748,80.92539,24.06591,64.95185,1.0024865
SYN_0083,7,42.25404,73.122116,22.963793,63.54443,1.037123
SYN_0083,14,74.07814,64.280785,24.240015,58.437786,1.0594347
SYN_0083,21,70.10311,65.334274,25.353558,61.56136,1.0184053
SYN_0083,28,79.8507,60.21048,24.68323,63.0653,0.9870694
SYN_0084,0,20.006767,86.89481,25.457258,54.542465,0.98616034
SYN_0084,7,35.548717,85.98829,25.188635,52.058247,0.9909154
SYN_0084,14,44.101635,76.34151,25.63644,49.671936,1.0121531
SYN_0084,21,65.83991,71.98346,25.190361,57.697727,1.0412468
SYN_0084,28,67.61974,69.58533,25.780918,59.000546,1.0098993
SYN_0085,0,30.893814,86.17173,28.143959,62.824142,1.1165164
SYN_0085,7,26.641468,83.900246,27.684696,66.562386,1.1007849
SYN_0085,14,56.705578,76.00235,27.835373,61.409695,1.0803725
SYN_0085,21,41.765766,73.82404,27.044287,63.120747,1.1377925
SYN_0085,28,68.68003,68.74377,27.55277,63.534126,1.1117212
SYN_0086,0,40.263893,79.74446,23.924437,70.99231,0.9371569
SYN_0086,7,47.070366,77.60562,27.174047,70.76261,1.0105757
SYN_0086,14,55.649616,72.0941,28.29246,70.96034,0.95744765
SYN_0086,21,82.67972,67.36242,26.53299,68.66924,0.99480987
SYN_0086,28,82.728294,71.376,26.08859,75.119896,1.0130165
SYN_0087,0,16.448895,88.77136,27.261688,63.36995,1.1155734
SYN_0087,7,26.717987,87.60984,27.79236,61.517982,1.0825123
SYN_0087,14,42.80048,81.304054,25.852192,67.82008,1.0564457
SYN_0087,21,59.792377,75.81596,27.033064,67.452644,1.1040045
SYN_0087,28,67.027664,73.01936,27.819649,63.928852,1.0407618
SYN_0088,0,27.822636,90.31451,24.010225,67.1356,0.88063216
SYN_0088,7,36.01069,85.82747,21.744932,63.35749,0.931096
SYN_0088,14,56.247036,74.247,26.325586,70.78766,0.9070586
SYN_0088,21,77.902534,73.71837,24.281893,65.80654,0.9367461
SYN_0088,28,75.689865,69.71111,24.33736,63.10589,0.86210835
SYN_0089,0,28.809044,86.70856,27.396921,70.55221,1.0273545
SYN_0089,7,45.201824,77.02458,29.826172,64.12128,1.015319
SYN_0089,14,64.27191,71.23047,27.790445,68.93573,1.0250369
SYN_0089,21,74.59841,66.59012,27.729324,69.957695,1.0185918
SYN_0089,28,87.99029,63.15086,25.882837,63.64233,1.0485191
SYN_0090,0,13.693359,83.81164,27.970264,63.86123,1.1820166
SYN_0090,7,30.704308,84.54254,26.110008,59.280174,1.2218018
SYN_0090,14,33.240795,78.022545,26.154898,71.108826,1.2089263
SYN_0090,21,55.744457,75.536064,27.441153,59.106075,1.1899637
SYN_0090,28,60.466534,69.75079,26.243721,59.25414,1.1280614
SYN_0091,0,23.23166,89.02588,26.507711,71.423805,1.0055078
SYN_0091,7,52.793427,83.19128,30.740656,65.19006,0.98284024
SYN_0091,14,58.871998,81.09845,27.119276,61.436665,0.99844885
SYN_0091,21,66.6341,76.026115,28.840218,67.00646,0.96956605
SYN_0091,28,69.11261,75.98812,27.56678,56.85844,1.0121201
SYN_0092,0,24.79985,83.91956,23.424995,62.972763,1.1024976
SYN_0092,7,35.33242,79.46703,26.692886,72.836586,1.1209447
SYN_0092,14,61.938553,77.72463,25.553228,73.63736,1.1267042
SYN_0092,21,57.747086,70.96604,24.858479,73.28905,1.1256688
SYN_0092,28,77.38107,69.06147,25.082737,69.246155,1.1263043
SYN_0093,0,37.96376,84.45867,25.68166,73.63203,0.9701515
SYN_0093,7,52.48524,73.80491,25.153975,71.50666,0.96261185
SYN_0093,14,64.48135,69.22794,25.44402,71.61576,0.9546877
SYN_0093,21,85.78197,65.15304,24.188755,75.513336,0.90755886
SYN_0093,28,86.263405,61.594933,25.775717,70.49744,0.9822109
SYN_0094,0,30.994028,70.19721,25.229113,50.54935,1.1305394
SYN_0094,7,71.918495,70.94895,25.295887,50.83916,1.1367751
SYN_0094,14,83.606606,60.051136,25.899738,59.260124,1.1157243
SYN_0094,21,65.68492,58.337723,25.580782,60.94915,1.1434436
SYN_0094,28,72.24464,57.34881,26.347008,64.97908,1.102344
SYN_0095,0,22.957989,86.84672,28.437365,65.705925,1.1330018
SYN_0095,7,30.164454,86.228035,27.244768,56.656384,1.1337941
SYN_0095,14,43.704613,77.516594,24.220335,61.35144,1.1155902
SYN_0095,21,66.18713,68.87181,26.470003,57.24383,1.1456409
SYN_0095,28,76.59236,72.26126,25.112545,63.233017,1.1111
SYN_0096,0,22.379013,87.53063,28.076324,77.807076,1.047689
SYN_0096,7,34.378407,80.2717,27.111462,78.23033,1.0761595
SYN_0096,14,56.183628,73.42169,26.971275,78.54228,1.025404
SYN_0096,21,73.172455,68.62905,27.88697,82.21269,1.0296708
SYN_0096,28,75.85948,63.666576,27.188189,81.01415,1.0866103
SYN_0097,0,25.51813,86.811775,26.697487,62.76441,0.9005984
SYN_0097,7,44.740376,79.37438,25.813488,59.860306,0.92790884
SYN_0097,14,59.146904,72.22995,24.449228,59.236217,0.90962654
SYN_0097,21,75.150764,70.11531,27.271358,62.889645,0.94303286
SYN_0097,28,84.0165,67.347534,26.364634,58.842052,0.9271943
SYN_0098,0,34.02342,77.742226,25.008099,62.027336,0.9857876
SYN_0098,7,40.233307,80.805016,23.195087,65.69733,0.8961101
SYN_0098,14,52.732525,75.074326,27.085722,73.88694,0.92013156
SYN_0098,21,55.881546,70.179474,24.643269,70.062965,0.91514254
SYN_0098,28,56.112003,72.77042,23.453547,57.312134,0.9735207
SYN_0099,0,24.647877,88.286964,24.864225,68.734055,0.9403574
SYN_0099,7,49.986122,78.74237,24.54638,73.49689,0.92731553
SYN_0099,14,39.330956,78.10441,25.020273,68.46636,0.8983374
SYN_0099,21,85.606125,72.2897,25.068659,73.54259,0.95206606
SYN_0099,28,80.37177,78.17378,22.170422,72.55687,0.88482827
SYN_0100,0,44.83219,83.18609,29.426617,78.11692,0.88817453
SYN_0100,7,56.270714,72.548874,28.866575,74.903786,0.871146
SYN_0100,14,72.74741,69.77305,28.368176,75.67907,0.8557965
SYN_0100,21,82.19323,66.07905,27.91761,68.85388,0.87946326
SYN_0100,28,94.31466,64.44116,29.092659,69.47207,0.849764
SYN_0101,0,16.244736,92.24268,29.34585,79.60824,1.0288714
SYN_0101,7,20.497244,88.93258,29.771624,75.91743,1.07708
SYN_0101,14,28.326653,82.46852,31.236416,78.47125,1.0108271
SYN_0101,21,60.4351,75.77937,28.276716,77.36598,1.0447679
SYN_0101,28,60.851006,73.68058,31.31835,78.46981,1.0677913
SYN_0102,0,27.789,90.21787,25.165628,68.03468,0.9327302
SYN_0102,7,35.829964,79.07438,25.987926,68.17773,0.89958227
SYN_0102,14,52.810093,76.22558,27.578362,72.20041,0.9187693
SYN_0102,21,70.30767,70.35677,25.734488,70.05869,0.8929138
SYN_0102,28,73.03468,67.329956,25.83333,66.55851,0.85693717
SYN_0103,0,32.426994,82.54461,23.966068,59.721657,1.0784011
SYN_0103,7,51.046314,72.153725,21.81344,59.843132,1.0918837
SYN_0103,14,67.35295,70.72689,23.062218,59.57908,1.0786315
SYN_0103,21,79.86573,62.96019,22.47914,58.339745,1.1464955
SYN_0103,28,76.432365,62.67323,24.005898,56.47649,1.0961356
SYN_0104,0,12.683128,90.234146,26.519547,64.50076,1.1065385
SYN_0104,7,35.694588,88.98373,25.404501,62.334934,1.1143242
SYN_0104,14,40.980637,78.13932,25.47852,65.66825,1.0701112
SYN_0104,21,62.4564,75.34937,26.596825,67.66657,1.1143372
SYN_0104,28,81.60909,69.75494,25.642088,66.150604,1.069027
SYN_0105,0,34.795353,82.68696,27.107246,68.683235,0.9810569
SYN_0105,7,51.894165,76.8536,25.61542,66.94785,1.0027237
SYN_0105,14,59.31096,71.077644,25.575901,68.962036,1.0089692
SYN_0105,21,69.73456,64.59548,25.73012,68.38003,0.9710097
SYN_0105,28,81.870895,65.56898,27.147581,66.07622,0.9282183
SYN_0106,0,29.930685,80.66944,23.384773,68.721146,0.9274333
SYN_0106,7,46.987877,69.631714,24.20917,67.381065,0.85799325
SYN_0106,14,68.07798,68.780785,23.96633,69.47802,0.8573533
SYN_0106,21,74.92979,69.57952,23.899181,66.950294,0.85239625
SYN_0106,28,79.816124,62.081947,24.156193,66.819115,0.80988634
SYN_0107,0,17.598862,84.79892,23.543585,55.484406,0.8279036
SYN_0107,7,53.71452,75.11363,24.837042,59.23856,0.8554971
SYN_0107,14,50.440887,74.44,23.09784,49.97257,0.8519079
SYN_0107,21,75.711205,68.757515,24.138367,53.88124,0.83388263
SYN_0107,28,82.667404,67.492905,22.984285,50.735744,0.8486242
SYN_0108,0,17.751724,85.700195,23.339258,72.9013,0.8782746
SYN_0108,7,40.490578,79.27443,22.835043,76.50924,0.9465873
SYN_0108,14,50.286324,78.10715,23.301764,75.47008,0.88951665
SYN_0108,21,65.71748,75.783165,25.21785,67.408905,0.9183149
SYN_0108,28,82.13796,69.24798,23.11527,70.62901,0.8815998
SYN_0109,0,3.7074697,88.00083,29.831438,61.786293,1.0441039
SYN_0109,7,25.086956,92.56185,29.221453,65.25951,0.94336337
SYN_0109,14,38.357533,83.66908,29.293222,75.77433,1.0327914
SYN_0109,21,67.75488,77.31659,26.58832,64.52053,0.9886888
SYN_0109,28,46.357727,74.24284,29.53941,55.510506,1.023398
SYN_0110,0,49.78578,87.14532,29.231157,70.064644,1.0588446
SYN_0110,7,51.944912,77.93712,27.664103,69.46697,1.0520455
SYN_0110,14,59.06768,77.35584,28.812042,65.0423,1.0959803
SYN_0110,21,70.98938,71.763985,28.83181,70.27261,1.1038117
SYN_0110,28,66.80591,69.999954,28.464174,66.32796,1.0640028
SYN_0111,0,29.490444,93.57631,21.630342,73.50435,1.1273494
SYN_0111,7,29.911217,87.19393,21.90628,66.05001,1.0884118
SYN_0111,14,35.52966,80.66697,22.94601,71.70475,1.1008917
SYN_0111,21,55.621136,78.53596,22.065882,73.16721,1.0859605
SYN_0111,28,65.352394,74.56953,23.114616,69.04969,1.05823
SYN_0112,0,18.511433,91.452675,26.365265,65.37515,0.9814061
SYN_0112,7,23.70579,87.70874,26.337309,69.25606,1.002126
SYN_0112,14,42.092922,81.73248,26.253801,69.95388,0.98112017
SYN_0112,21,68.443855,72.36931,26.541193,66.47681,0.978615
SYN_0112,28,78.528656,69.47706,26.025526,68.36461,0.9885435
SYN_0113,0,17.786087,86.9107,26.765404,58.756527,1.0967833
SYN_0113,7,30.917257,83.03441,26.779522,60.884567,1.1355543
SYN_0113,14,49.49321,78.465225,27.201597,59.116642,1.1193295
SYN_0113,21,62.0948,72.7181,24.759361,56.421387,1.1038476
SYN_0113,28,71.18469,73.88275,25.136654,58.93986,1.105609
SYN_0114,0,8.727009,95.49067,26.359232,74.06728,1.0786674
SYN_0114,7,29.645082,91.05609,26.809986,73.776566,1.0657846
SYN_0114,14,41.111607,77.41049,27.665178,73.431656,1.0872332
SYN_0114,21,62.214096,74.44894,26.666317,71.21577,1.1007627
SYN_0114,28,70.46132,71.548676,26.790195,74.266815,1.0731465
SYN_0115,0,23.591204,85.48607,25.777367,68.605,1.2208979
SYN_0115,7,38.59416,81.960594,25.715174,69.46372,1.2221584
SYN_0115,14,54.67495,76.32568,25.129894,71.591805,1.2435557
SYN_0115,21,48.198437,71.568245,24.259594,73.66293,1.2375774
SYN_0115,28,73.476845,67.79002,25.825079,67.28584,1.2137171
SYN_0116,0,28.167889,90.69777,30.372913,56.250225,0.8440569
SYN_0116,7,49.782173,81.59933,30.745918,53.78084,0.85635966
SYN_0116,14,59.811775,76.58428,31.981909,52.417095,0.8467017
SYN_0116,21,84.03274,70.68454,32.090576,52.88022,0.7814523
SYN_0116,28,87.784035,70.84921,30.484407,47.653347,0.7989779
SYN_0117,0,14.406422,97.24557,24.007427,67.64097,1.0645223
SYN_0117,7,29.78044,87.77164,24.250277,66.383865,1.0452175
SYN_0117,14,53.01034,83.735664,24.458664,64.634834,1.0384492
SYN_0117,21,65.16281,72.539276,22.704409,66.709496,1.0597692
SYN_0117,28,81.563736,70.627426,23.120327,67.85613,1.0734229
SYN_0118,0,22.347656,88.96912,26.965267,68.442986,1.1782279
SYN_0118,7,20.789265,85.882,27.805166,70.61647,1.1604109
SYN_0118,14,37.44108,82.79247,26.851734,68.076836,1.2049937
SYN_0118,21,50.879738,80.199356,27.279799,72.12983,1.1621157
SYN_0118,28,61.705555,71.38263,26.68624,70.33341,1.1418976
SYN_0119,0,20.770903,83.6353,30.583242,61.07167,0.95509624
SYN_0119,7,37.78656,84.781746,27.988586,50.783516,0.90024865
SYN_0119,14,56.03676,73.11683,28.751312,67.92971,0.85088843
SYN_0119,21,82.857605,76.58718,30.976913,66.568825,0.9596235
SYN_0119,28,84.22017,75.47412,29.704117,62.613968,0.8323352
SYN_0120,0,22.023817,79.314095,23.405045,59.184845,0.9933772
SYN_0120,7,31.453022,77.87097,24.013569,60.121536,0.99547005
SYN_0120,14,50.58539,74.03525,22.68424,61.469837,0.97771686
SYN_0120,21,73.41135,63.300552,24.430063,58.87769,0.9858539
SYN_0120,28,72.60063,68.07313,23.332502,60.293915,0.9963971
SYN_0121,0,22.942728,97.113014,26.85381,73.97518,1.0872675
SYN_0121,7,29.677757,91.53204,28.088684,67.42146,1.1483531
SYN_0121,14,31.984869,80.853676,27.096237,66.46094,1.1422741
SYN_0121,21,54.67987,77.07866,27.899786,73.77298,1.115213
SYN_0121,28,75.058334,72.99625,28.583124,72.154526,1.1193297
SYN_0122,0,26.440565,82.25284,26.391848,72.63494,1.0038917
SYN_0122,7,45.853996,72.446144,27.474989,69.12811,1.055237
SYN_0122,14,59.34247,68.43911,26.962343,67.241905,1.0027035
SYN_0122,21,70.026634,67.43625,28.649872,74.680305,1.0026342
SYN_0122,28,70.39968,65.65323,27.00441,70.34792,1.0292382
SYN_0123,0,28.951189,87.42429,29.798626,69.15521,1.0331718
SYN_0123,7,37.873047,81.124275,25.616823,73.43995,1.0587904
SYN_0123,14,60.796875,76.96672,27.007015,72.966606,1.0216912
SYN_0123,21,48.621376,74.708885,27.185137,77.366234,1.0500983
SYN_0123,28,61.06077,77.965454,27.958067,66.4446,1.0477391
SYN_0124,0,42.27913,86.050606,28.700365,70.45946,1.0977837
SYN_0124,7,62.49319,72.563896,26.539778,62.6525,1.0631185
SYN_0124,14,74.655,68.176735,26.043444,66.308876,1.0637809
SYN_0124,21,79.537636,66.349785,26.782207,73.863884,1.1288229
SYN_0124,28,92.20529,66.877396,27.47367,70.812355,1.1239014
SYN_0125,0,32.67555,83.99854,26.353931,71.87024,1.0875471
SYN_0125,7,54.087376,76.55132,27.585716,63.592373,1.0385205
SYN_0125,14,62.116955,70.816246,24.772514,66.47232,1.076847
SYN_0125,21,66.66226,69.96123,25.665857,66.323296,1.0896672
SYN_0125,28,74.662186,64.852,23.366386,64.82278,1.0193294
SYN_0126,0,16.595577,92.72691,21.621073,68.31245,1.063417
SYN_0126,7,35.39358,87.98193,22.358494,68.79549,1.0544384
SYN_0126,14,52.92528,81.29662,20.326942,72.16617,1.1209438
SYN_0126,21,59.80595,73.33185,20.737265,71.89924,1.0728242
SYN_0126,28,80.65658,74.68928,23.879452,69.34217,1.0930812
SYN_0127,0,28.627762,88.01085,26.501162,69.95875,1.0289592
SYN_0127,7,44.291058,82.83286,26.420954,71.14527,1.0322257
SYN_0127,14,54.38349,75.18904,28.028778,69.93225,0.99972737
SYN_0127,21,62.927578,68.47163,27.544321,70.14827,0.9956973
SYN_0127,28,71.19832,71.8006,27.984125,69.56225,0.9678347
SYN_0128,0,16.814228,93.032555,21.825535,71.06525,0.9934393
SYN_0128,7,24.145718,88.77625,21.904781,64.193695,1.0295538
SYN_0128,14,41.380966,80.353096,23.77427,72.997635,0.97289735
SYN_0128,21,67.39778,69.86281,23.40014,65.46078,0.95597595
SYN_0128,28,82.39138,72.06261,23.081575,70.465324,0.96503896
SYN_0129,0,29.672298,86.06836,25.819136,77.09131,1.0601674
SYN_0129,7,45.077335,82.7679,26.467476,74.77739,1.0646071
SYN_0129,14,47.69516,84.2748,26.087296,72.42054,0.98159546
SYN_0129,21,57.796207,75.341545,25.314787,72.15847,1.0813177
SYN_0129,28,60.03984,73.48907,27.12231,74.09725,1.0627276
SYN_0130,0,29.170532,77.611786,28.341944,64.55346,0.9560758
SYN_0130,7,29.738394,74.56561,28.134394,66.27751,0.99345106
SYN_0130,14,57.594284,60.10522,25.276747,62.10148,1.0067922
SYN_0130,21,80.75752,59.94319,28.98629,62.504303,0.99290586
SYN_0130,28,74.25103,58.451767,27.207489,65.237526,0.99758714
SYN_0131,0,36.970196,79.32392,27.981575,72.10068,0.98418343
SYN_0131,7,30.860762,75.17209,29.135008,77.22734,0.9047389
SYN_0131,14,69.48409,71.50539,27.771505,61.834885,0.96934277
SYN_0131,21,73.30015,63.861965,27.30741,74.8232,0.9633081
SYN_0131,28,63.78498,64.988045,28.26636,72.80787,1.0017006
SYN_0132,0,9.182587,88.42793,28.365808,72.29745,1.1115296
SYN_0132,7,30.103792,83.80722,25.930265,68.60509,1.095629
SYN_0132,14,43.01062,82.44806,26.318481,72.52014,1.0982231
SYN_0132,21,67.17645,73.6828,27.061842,68.05091,1.0218295
SYN_0132,28,64.33398,68.847015,25.418459,70.07626,1.0542821
SYN_0133,0,19.867569,98.695465,28.25554,62.775364,1.0863439
SYN_0133,7,25.679108,87.80436,27.024807,61.876442,1.1338333
SYN_0133,14,48.054794,79.552574,28.20076,65.65158,1.0985522
SYN_0133,21,58.83987,77.6249,26.365105,64.79825,1.0719948
SYN_0133,28,74.16021,77.53714,27.142962,65.15474,1.0936934
SYN_0134,0,23.028702,78.20819,25.055967,71.81924,1.2775794
SYN_0134,7,33.717827,75.57616,26.15677,66.33195,1.2015702
SYN_0134,14,42.589024,72.58812,23.888311,66.02386,1.236643
SYN_0134,21,57.362206,73.3303,25.84496,72.084755,1.274297
SYN_0134,28,67.086296,68.734245,26.37735,71.0366,1.2892776
SYN_0135,0,18.041012,93.86515,24.623846,67.21681,1.0454086
SYN_0135,7,3.4300077,93.0645,22.477875,67.883934,1.0550795
SYN_0135,14,22.48545,80.38039,25.119558,64.364174,1.0797119
SYN_0135,21,45.593243,76.26144,22.36192,60.12457,1.1141498
SYN_0135,28,69.829926,68.516,25.192745,66.94165,1.0967051
SYN_0136,0,20.818497,87.85797,28.428661,64.51405,1.014425
SYN_0136,7,38.93148,80.34777,28.582214,67.43817,1.0103352
SYN_0136,14,59.776768,70.00516,28.469671,65.313934,1.0231663
SYN_0136,21,64.43507,69.68616,29.438463,65.82347,1.0537794
SYN_0136,28,76.38203,64.726,27.273634,68.67231,1.047179
SYN_0137,0,8.57682,94.80638,24.971869,75.68701,1.1270409
SYN_0137,7,32.738506,87.651184,26.177935,77.59658,1.1396782
SYN_0137,14,55.434067,75.93079,26.400497,72.81727,1.167709
SYN_0137,21,75.54721,76.25185,24.508654,74.49794,1.1142303
SYN_0137,28,85.555756,69.48639,23.770632,72.42732,1.1221367
SYN_0138,0,33.10964,87.27905,26.55048,53.326042,1.0457817
SYN_0138,7,37.662422,80.48638,25.790077,58.284332,1.0214745
SYN_0138,14,66.64135,72.01844,27.46051,52.67171,0.9941902
SYN_0138,21,77.50726,66.721306,28.505943,54.289074,0.98908067
SYN_0138,28,78.62749,69.41326,27.574024,53.98389,0.9730311
SYN_0139,0,27.280296,86.37889,22.181591,68.35281,1.1673473
SYN_0139,7,51.174953,80.62343,23.058321,65.29043,1.209938
SYN_0139,14,58.604134,68.47076,23.983982,63.708233,1.2387403
SYN_0139,21,81.10878,67.20834,23.545479,72.78475,1.2173076
SYN_0139,28,74.80974,69.242455,21.791716,62.794624,1.2106453
SYN_0140,0,23.205238,89.401695,25.247107,64.20388,1.213351
SYN_0140,7,26.640852,82.61766,24.095415,62.487957,1.1237057
SYN_0140,14,60.193504,74.89775,24.539442,64.21492,1.1406155
SYN_0140,21,57.05982,74.15906,24.85053,66.680664,1.1749278
SYN_0140,28,65.82976,68.192825,24.784508,71.58694,1.1766309
SYN_0141,0,25.713478,88.46944,29.62424,66.90109,1.1046
SYN_0141,7,37.398605,86.64507,28.56327,63.21084,1.0760604
SYN_0141,14,62.400066,76.16193,28.401047,61.550495,1.087963
SYN_0141,21,58.3651,72.43229,29.778137,67.2589,1.1049509
SYN_0141,28,71.14799,67.54206,27.301931,69.401054,1.073466
SYN_0142,0,3.4423978,79.402794,21.2558,85.31672,0.9903704
SYN_0142,7,43.25802,76.88058,24.043146,76.04761,1.0933745
SYN_0142,14,53.591843,73.67583,24.655025,67.52387,1.0454985
SYN_0142,21,66.09755,65.39478,24.608553,78.19007,1.117409
SYN_0142,28,71.44942,66.99372,21.973408,74.95721,1.03017
SYN_0143,0,28.276209,79.61313,26.040524,70.918274,1.1305308
SYN_0143,7,50.584297,80.9639,26.524841,77.935196,1.0862324
SYN_0143,14,56.157764,65.06257,24.302526,71.70344,1.0712554
SYN_0143,21,79.639496,63.31413,24.12971,80.1386,1.0528109
SYN_0143,28,61.5808,72.22891,24.633224,76.85075,1.0054525
SYN_0144,0,44.971516,80.70495,22.48098,60.28012,0.93366975
SYN_0144,7,57.771103,64.649506,26.050365,64.01238,0.94996905
SYN_0144,14,75.6712,64.35453,25.396372,61.836475,0.932573
SYN_0144,21,97.2041,61.078983,25.648058,62.022778,0.91062254
SYN_0144,28,94.59231,58.607258,24.66409,62.821938,0.9448979
SYN_0145,0,29.581757,87.94375,22.9995,63.83803,0.98107326
SYN_0145,7,38.820915,86.75808,23.304735,64.13097,1.0173379
SYN_0145,14,48.210056,75.20731,24.799044,69.85765,0.97433394
SYN_0145,21,66.751976,71.99716,24.976667,70.93285,0.9718467
SYN_0145,28,68.573235,70.78898,25.599031,64.460175,0.9713341
SYN_0146,0,33.11773,92.2323,27.018873,72.541084,1.0544819
SYN_0146,7,41.9995,78.21111,28.219614,72.97638,1.0412865
SYN_0146,14,56.072845,76.01155,27.538715,75.60634,1.0163002
SYN_0146,21,57.21392,75.92069,29.505758,70.324326,1.0198499
SYN_0146,28,83.68396,71.53646,29.019005,72.193756,1.0201737
SYN_0147,0,19.669392,90.29373,26.21728,80.23197,0.8312127
SYN_0147,7,37.350292,78.91903,26.668177,80.63028,0.793494
SYN_0147,14,72.896576,69.10113,25.06011,83.216515,0.79421556
SYN_0147,21,90.00616,61.363186,25.684574,76.50699,0.79741365
SYN_0147,28,87.81738,62.20835,25.762302,84.05677,0.7640362
SYN_0148,0,10.883823,88.005196,27.48178,66.296555,0.7664589
SYN_0148,7,35.99343,76.47882,26.68682,64.77548,0.8170463
SYN_0148,14,60.993214,68.25071,27.12487,66.50638,0.779793
SYN_0148,21,80.80995,60.66002,26.848864,62.262066,0.7972631
SYN_0148,28,92.99602,60.93151,26.09202,60.26346,0.8036352
SYN_0149,0,7.896663,92.09559,30.064253,73.29418,1.0907209
SYN_0149,7,13.236397,89.45826,28.684431,72.64598,1.0967758
SYN_0149,14,44.58342,82.429596,30.657991,76.55601,1.1170079
SYN_0149,21,57.725533,76.561264,27.65952,71.98492,1.1491725
SYN_0149,28,62.109028,75.2053,30.27049,75.68352,1.1146369
SYN_0150,0,23.856201,81.373764,26.183216,71.61246,1.1739031
SYN_0150,7,41.080025,78.493164,25.658903,68.41021,1.108778
SYN_0150,14,47.970303,74.04334,25.281492,71.9531,1.1474192
SYN_0150,21,72.95214,66.07687,25.905128,68.44089,1.1510837
SYN_0150,28,65.91336,68.42845,26.096949,66.87163,1.1416737
SYN_0151,0,22.706623,88.04963,26.285458,70.86384,0.92970616
SYN_0151,7,41.810062,85.57451,26.419106,74.82181,0.93215865
SYN_0151,14,51.87171,74.01645,24.928057,75.097435,1.0043688
SYN_0151,21,76.86582,70.36853,26.425247,78.803986,0.9484207
SYN_0151,28,78.036354,69.627335,25.369307,76.3962,0.96625847
SYN_0152,0,13.516487,90.620865,25.4235,65.68668,1.0374992
SYN_0152,7,28.618923,82.65523,27.208,64.728226,1.0166079
SYN_0152,14,46.362194,79.923294,24.4234,61.5687,1.0669743
SYN_0152,21,53.294327,72.60604,25.948023,61.649025,1.0116261
SYN_0152,28,77.62503,69.32349,26.661736,67.21178,0.9947433
SYN_0153,0,31.036842,86.06692,26.405485,67.460815,0.9378139
SYN_0153,7,41.412384,82.91255,27.262869,65.72328,0.95684576
SYN_0153,14,63.15971,75.90927,26.152567,66.78538,1.0051941
SYN_0153,21,72.561554,72.37395,28.110588,73.04007,0.9707721
SYN_0153,28,73.025215,71.18247,24.949999,71.02212,0.9609535
SYN_0154,0,38.29036,80.57711,27.501438,71.29756,1.0019658
SYN_0154,7,57.820965,76.61857,29.061134,60.97349,1.0163732
SYN_0154,14,61.78996,67.111084,27.722351,65.62839,0.96619743
SYN_0154,21,78.339386,69.14341,26.30179,67.61974,0.9646843
SYN_0154,28,87.2879,65.2368,26.888775,74.26643,0.92962444
SYN_0155,0,25.140089,87.67647,30.228151,75.47598,1.0152838
SYN_0155,7,39.715958,86.2143,29.558184,72.43673,1.0739974
SYN_0155,14,56.1173,76.85835,29.992594,73.166794,1.0604867
SYN_0155,21,70.78294,70.13642,29.786367,77.97954,1.0091115
SYN_0155,28,81.435776,67.68833,30.561178,74.089516,1.0598994
SYN_0156,0,34.827377,91.61958,25.37954,73.56243,1.2149372
SYN_0156,7,33.39386,81.610176,25.300829,71.546684,1.2048877
SYN_0156,14,51.782394,76.862175,25.831966,66.764046,1.2073492
SYN_0156,21,75.562675,75.58947,24.265287,68.78726,1.2136325
SYN_0156,28,68.54168,74.96065,25.589348,70.30861,1.2191775
SYN_0157,0,9.756783,89.7113,28.794357,61.625294,1.026278
SYN_0157,7,14.990398,82.07958,28.438585,52.83057,1.0459943
SYN_0157,14,43.383034,79.43105,28.27746,57.29165,1.0430512
SYN_0157,21,66.315094,69.37336,26.276487,57.922188,1.003591
SYN_0157,28,81.22115,62.787716,26.657055,53.27017,1.0242461
SYN_0158,0,18.087414,92.03775,25.699892,60.082603,0.9784298
SYN_0158,7,39.20298,84.22432,25.65425,60.153156,0.95339835
SYN_0158,14,63.180386,77.06919,26.15532,66.29045,0.96275604
SYN_0158,21,79.24955,74.83563,24.162083,62.138546,0.98637825
SYN_0158,28,87.47468,70.01912,25.040756,62.50019,0.9548368
SYN_0159,0,22.227882,91.62209,23.307516,64.89146,0.9925213
SYN_0159,7,33.38885,86.02539,25.3558,63.606438,0.924848
SYN_0159,14,60.41393,78.22825,24.612814,62.63998,0.9995863
SYN_0159,21,64.03684,71.61568,24.833925,68.65467,0.9753667
SYN_0159,28,76.50952,73.88267,23.436655,65.76328,0.97275496
SYN_0160,0,31.753134,86.65279,25.2515,55.535835,1.0295126
SYN_0160,7,47.615982,80.0465,27.163755,55.809925,1.0632966
SYN_0160,14,76.114685,68.64618,26.605196,55.638786,1.0449249
SYN_0160,21,88.4146,65.44057,24.722801,53.060738,1.0579547
SYN_0160,28,87.32483,66.91127,25.686636,55.54125,1.0303152
SYN_0161,0,21.962503,89.54038,27.532597,71.54802,0.97340137
SYN_0161,7,40.8235,83.84261,29.23085,70.16788,0.93834037
SYN_0161,14,59.896362,79.24324,28.302677,71.1261,0.9600995
SYN_0161,21,64.546684,78.72581,27.019272,74.42691,0.9343975
SYN_0161,28,75.49262,70.37745,27.307215,69.413246,0.9480472
SYN_0162,0,16.111057,90.69796,26.48477,67.12108,1.0651095
SYN_0162,7,27.50159,87.29523,26.37201,68.7575,1.0579209
SYN_0162,14,50.324768,79.94146,25.81081,69.76666,1.082667
SYN_0162,21,55.67094,76.814735,26.521536,70.962814,1.0781223
SYN_0162,28,63.73871,69.309296,26.936974,65.90501,1.071855
SYN_0163,0,47.73716,72.187035,24.066324,74.20064,1.0482466
SYN_0163,7,56.47375,69.291046,28.06776,64.34073,0.96023273
SYN_0163,14,52.68967,78.67625,22.67428,70.66003,1.0088648
SYN_0163,21,79.39581,70.70273,25.892288,73.177315,1.0860935
SYN_0163,28,91.98656,74.07636,22.665237,68.06714,1.0516587
SYN_0164,0,25.655653,92.331665,25.895376,69.825035,1.0348481
SYN_0164,7,31.168222,87.34454,24.270702,68.530655,1.0520592
SYN_0164,14,46.990112,82.37297,28.016315,73.811745,1.0693576
SYN_0164,21,69.63654,77.95879,26.517147,69.00188,1.095706
SYN_0164,28,79.12247,75.85108,27.095076,68.54713,1.0000687
SYN_0165,0,20.304996,95.316025,27.35576,76.647316,1.1680801
SYN_0165,7,30.043736,88.793274,24.316286,72.31852,1.1279376
SYN_0165,14,46.72054,79.63406,25.298475,70.79442,1.1848534
SYN_0165,21,62.9576,74.67349,24.294949,68.880066,1.1294667
SYN_0165,28,75.24769,68.88401,24.961157,77.81612,1.1378335
SYN_0166,0,21.893442,90.640305,25.320913,79.97981,0.9781922
SYN_0166,7,27.903175,83.02033,23.87765,75.197975,0.96308225
SYN_0166,14,49.837738,77.8269,23.721941,79.09916,0.9649864
SYN_0166,21,91.67891,76.530075,21.34303,67.9739,0.9830829
SYN_0166,28,71.37659,71.375725,24.597069,81.69081,0.97685397
SYN_0167,0,22.407656,86.91397,24.315348,64.84921,1.0477825
SYN_0167,7,45.758717,80.65203,24.301586,67.70672,1.0584316
SYN_0167,14,67.0019,66.434875,23.543983,65.48551,1.0955483
SYN_0167,21,85.05902,65.87821,24.932673,68.70384,1.0523052
SYN_0167,28,89.28525,65.456154,23.619497,66.09873,1.0442729
SYN_0168,0,31.353373,85.47982,26.698666,60.35343,1.1944953
SYN_0168,7,40.51157,83.37838,28.276628,62.168358,1.1785853
SYN_0168,14,56.629307,77.60313,28.014856,60.084084,1.2376097
SYN_0168,21,59.377926,76.9605,26.37678,60.929157,1.1576165
SYN_0168,28,70.6874,72.9926,26.26383,62.18394,1.2730826
SYN_0169,0,32.993675,87.085335,24.64969,69.98836,1.1088797
SYN_0169,7,25.914082,83.08524,23.92975,64.76122,1.11399
SYN_0169,14,39.03959,84.788124,23.43279,69.29709,1.1197258
SYN_0169,21,47.9371,72.55382,24.423332,64.687965,1.1702026
SYN_0169,28,69.91402,74.492035,25.377764,59.715,1.148903
SYN_0170,0,23.322495,88.83008,25.565046,63.055954,1.0824353
SYN_0170,7,39.332962,80.2598,24.285309,64.64571,1.1648011
SYN_0170,14,63.270138,76.078255,24.316538,63.89443,1.1394541
SYN_0170,21,66.274284,71.7274,24.529207,67.63061,1.0799744
SYN_0170,28,66.72191,72.08441,24.100023,60.377266,1.1368206
SYN_0171,0,22.503511,85.842285,24.520403,72.82549,1.1028016
SYN_0171,7,32.05418,77.84651,23.54097,77.705284,1.0937654
SYN_0171,14,57.320164,69.47105,25.1549,70.37309,1.0503705
SYN_0171,21,77.664154,63.54721,23.51374,75.25162,1.0293691
SYN_0171,28,91.91669,57.430565,23.251656,74.60777,1.0584861
SYN_0172,0,15.465416,93.93496,27.495438,70.588585,0.91586685
SYN_0172,7,41.77736,84.1535,27.29669,68.84592,0.8358908
SYN_0172,14,65.17772,81.07313,26.529514,71.05119,0.86010814
SYN_0172,21,81.584816,73.91229,29.162376,71.63926,0.9165014
SYN_0172,28,84.97857,73.479546,28.71368,72.47733,0.9162023
SYN_0173,0,34.374233,82.742516,28.0522,55.43094,0.9616288
SYN_0173,7,34.659966,77.75354,27.702385,50.510212,0.931861
SYN_0173,14,62.881207,73.39445,27.095783,60.059135,0.9467705
SYN_0173,21,58.48991,72.53614,27.49161,60.482452,0.93865454
SYN_0173,28,81.872925,69.55251,26.280243,55.276886,0.897209
SYN_0174,0,23.048954,78.559944,25.524872,76.9273,0.8855889
SYN_0174,7,38.429153,77.33234,25.606117,72.798386,0.9016858
SYN_0174,14,70.29937,72.349144,25.514574,69.64019,0.911297
SYN_0174,21,69.55937,67.252304,26.009096,67.940094,0.8669587
SYN_0174,28,79.99708,64.83948,25.538984,70.609344,0.887381
SYN_0175,0,27.680851,83.49297,26.441208,68.12897,1.0483948
SYN_0175,7,44.367947,75.53777,27.572248,67.39873,1.0488951
SYN_0175,14,43.678513,78.83796,27.736214,66.573395,1.0026591
SYN_0175,21,39.97625,71.04986,24.737791,68.54109,0.9995223
SYN_0175,28,74.63624,65.90104,23.84024,64.319984,1.0443476
SYN_0176,0,11.8534355,95.13187,20.60528,75.028046,1.232264
SYN_0176,7,27.462957,93.472305,21.702816,77.48141,1.1323142
SYN_0176,14,36.459522,89.468735,21.931211,74.7898,1.1275158
SYN_0176,21,47.58129,86.42703,21.382492,72.45009,1.1275572
SYN_0176,28,63.771656,80.0901,22.712975,67.3583,1.1288089
SYN_0177,0,16.94625,89.88754,27.700117,62.374153,0.9721985
SYN_0177,7,26.022022,88.44067,29.0376,54.81553,0.94944346
SYN_0177,14,51.850063,76.589714,26.742985,59.50848,0.96018577
SYN_0177,21,58.721718,74.53729,28.637789,65.84924,1.0049381
SYN_0177,28,68.5887,70.06285,29.533964,64.3417,0.9465921
SYN_0178,0,17.822205,91.73906,27.48338,76.57111,0.9946184
SYN_0178,7,25.615444,84.40877,27.200161,74.74621,0.98464966
SYN_0178,14,49.412235,77.2257,25.630753,73.80972,1.0094936
SYN_0178,21,69.003296,73.5289,24.52018,75.3736,0.997483
SYN_0178,28,98.535255,66.67406,26.966978,74.36996,1.0024128
SYN_0179,0,26.702396,80.93004,26.397593,76.369804,0.9700374
SYN_0179,7,44.663464,78.92893,26.940704,78.56074,0.92573774
SYN_0179,14,67.35288,60.8947,28.004763,73.872444,0.9654976
SYN_0179,21,72.85634,60.577003,28.367842,72.856224,0.94677526
SYN_0179,28,71.99299,63.37036,26.952381,70.6411,0.9683363
SYN_0180,0,20.022831,82.80074,26.11764,77.05495,0.82187384
SYN_0180,7,34.265144,78.803276,29.242598,73.06246,0.89155275
SYN_0180,14,71.31648,64.64782,26.259264,77.30684,0.8741229
SYN_0180,21,82.53208,64.11199,25.829329,72.57227,0.845277
SYN_0180,28,96.451164,60.82862,25.285496,76.87993,0.82087713
SYN_0181,0,48.1679,83.80356,24.74051,58.53572,1.0350477
SYN_0181,7,40.649185,76.2199,24.89222,61.154232,1.007209
SYN_0181,14,58.55232,73.52892,23.87512,56.339035,1.0471936
SYN_0181,21,68.92045,71.50195,23.313747,57.84754,1.0483726
SYN_0181,28,76.11864,72.67988,24.55933,55.722317,1.0760655
SYN_0182,0,15.736637,92.74888,28.884861,65.571754,0.8627493
SYN_0182,7,25.848547,84.39694,28.588562,68.15556,0.906207
SYN_0182,14,50.462498,73.519165,28.683083,67.43027,0.8344198
SYN_0182,21,66.980095,70.762215,27.881403,67.42472,0.872295
SYN_0182,28,84.731964,66.69352,29.846565,65.21641,0.85549045
SYN_0183,0,22.130363,83.456825,25.177355,64.85872,0.93718976
SYN_0183,7,47.62496,79.61853,27.19236,70.090996,0.9329074
SYN_0183,14,59.603058,73.47393,27.044512,68.81027,0.93253213
SYN_0183,21,73.4401,68.71214,26.004944,67.84982,0.9256917
SYN_0183,28,78.75877,65.368065,26.365723,69.35789,0.9406237
SYN_0184,0,25.391214,86.634186,24.49653,62.51868,1.0008508
SYN_0184,7,35.20499,85.37433,25.751467,68.30303,1.0462204
SYN_0184,14,45.890675,79.15782,25.71353,61.971916,0.99623847
SYN_0184,21,66.304504,71.63647,24.943243,64.91699,1.0108249
SYN_0184,28,78.66078,73.54268,23.84114,64.904045,1.0275981
SYN_0185,0,9.732887,86.954384,26.107468,62.396454,0.97115564
SYN_0185,7,21.650465,88.415405,26.514568,65.539474,0.951827
SYN_0185,14,43.24104,83.03563,24.991707,62.430553,0.97522765
SYN_0185,21,59.57366,74.89261,25.293745,64.84684,0.9217804
SYN_0185,28,69.64839,69.879974,27.646833,59.209652,0.9331115
SYN_0186,0,20.198719,85.13813,25.469282,77.00375,1.0707858
SYN_0186,7,39.71352,77.25142,27.067764,79.19072,1.0905457
SYN_0186,14,56.896564,71.00405,26.618748,81.042435,1.1001499
SYN_0186,21,73.85037,70.4586,28.280935,80.23469,1.0302017
SYN_0186,28,63.43512,65.7079,26.531992,77.90073,1.050957
SYN_0187,0,35.10649,84.80755,25.147957,63.42858,1.0797758
SYN_0187,7,27.818134,83.50802,24.518742,73.38515,0.9472192
SYN_0187,14,47.311886,84.77026,23.396774,65.89693,1.0612744
SYN_0187,21,58.68387,81.197334,24.884647,62.32409,1.085844
SYN_0187,28,74.003876,80.18971,22.842236,63.801014,1.0281317
SYN_0188,0,20.60208,88.91485,24.670197,66.084114,1.058004
SYN_0188,7,44.29832,82.33541,24.924683,64.53252,1.1027129
SYN_0188,14,66.11956,74.96639,26.472729,67.13015,1.089061
SYN_0188,21,76.5071,76.26221,25.51705,64.04557,1.120101
SYN_0188,28,67.35207,69.628746,25.269514,65.712814,1.1023027
SYN_0189,0,5.588859,92.18484,23.167908,65.69686,1.0903958
SYN_0189,7,29.169584,87.853615,24.87698,66.68129,1.1003716
SYN_0189,14,50.6835,77.83066,24.535809,67.9127,1.0447747
SYN_0189,21,71.058754,72.05467,23.496101,70.28298,1.1019448
SYN_0189,28,75.72806,69.44365,22.373808,67.52908,1.0857798
SYN_0190,0,22.13764,84.44052,30.889025,64.56348,0.9549103
SYN_0190,7,41.533382,71.90335,31.620579,64.14874,0.8629686
SYN_0190,14,57.95992,72.324776,29.730793,60.48387,0.8959284
SYN_0190,21,70.62859,62.885303,30.557955,52.35514,0.8640183
SYN_0190,28,81.46257,63.23945,29.003061,64.0629,0.9222345
SYN_0191,0,32.899216,90.897865,26.164549,69.697556,1.0431027
SYN_0191,7,42.05878,79.1573,26.9649,69.06249,1.0067524
SYN_0191,14,73.53348,74.67456,26.173737,69.765816,1.0530293
SYN_0191,21,71.69865,72.33095,24.244452,68.56987,1.0147831
SYN_0191,28,66.23061,70.921326,25.158245,72.00576,0.9997133
SYN_0192,0,30.463509,83.16254,27.282314,75.90234,1.0925955
SYN_0192,7,40.451923,82.96316,28.32489,71.92529,1.0620155
SYN_0192,14,42.626404,79.68162,27.333637,73.02956,1.0820891
SYN_0192,21,58.127995,72.49252,27.97975,73.61952,1.1459422
SYN_0192,28,67.030266,74.28164,26.687164,70.18736,1.115295
SYN_0193,0,16.806866,85.647,25.66573,60.795334,1.1466194
SYN_0193,7,26.319986,81.086754,24.392994,58.173683,1.2187898
SYN_0193,14,41.759167,80.06915,23.486105,59.69003,1.1785983
SYN_0193,21,73.43599,72.85313,24.693115,60.07058,1.2123396
SYN_0193,28,78.07788,69.215904,23.798601,62.178093,1.1712989
SYN_0194,0,30.26314,88.41424,28.022636,63.416393,1.0831946
SYN_0194,7,39.722317,80.05148,28.635649,59.223476,1.0367168
SYN_0194,14,63.78038,73.21258,29.271769,54.408443,1.08428
SYN_0194,21,79.73998,68.48042,28.68208,57.520645,1.0672277
SYN_0194,28,68.38466,69.143166,28.187428,55.473778,1.0695417
SYN_0195,0,34.153896,82.24079,24.682802,75.77001,0.86791945
SYN_0195,7,46.340343,75.39857,24.731892,68.405525,0.9186612
SYN_0195,14,60.904446,72.151276,25.070955,68.92106,0.8426899
SYN_0195,21,77.45503,74.09488,23.935656,68.68216,0.9619732
SYN_0195,28,80.27297,70.012955,24.403605,70.15419,0.9533412
SYN_0196,0,26.822512,83.88891,30.070345,61.699192,1.1599976
SYN_0196,7,25.22217,83.7428,29.278444,58.5725,1.104934
SYN_0196,14,33.31515,78.52624,30.890507,62.17232,1.0953474
SYN_0196,21,52.14822,73.67761,29.188255,61.61816,1.1485904
SYN_0196,28,60.386845,73.91794,30.05546,58.61802,1.1236502
SYN_0197,0,17.911964,88.018394,22.75744,72.73626,1.0510018
SYN_0197,7,32.487713,88.27479,24.027304,77.62174,1.0814298
SYN_0197,14,49.048347,81.18861,25.002022,74.2139,1.0512772
SYN_0197,21,66.08725,74.726944,24.408127,77.79995,1.0416476
SYN_0197,28,80.072845,70.96986,24.663738,73.824,1.0379796
SYN_0198,0,6.1757426,87.03747,23.988672,70.34328,1.135215
SYN_0198,7,25.24912,79.372345,24.315235,70.17135,1.1027236
SYN_0198,14,53.51306,72.83842,23.093258,64.8726,1.1071395
SYN_0198,21,71.61356,63.937695,24.34615,63.686203,1.126599
SYN_0198,28,75.40271,61.443413,25.346357,66.469635,1.105672
SYN_0199,0,37.986156,78.312775,25.466455,67.16786,1.0848002
SYN_0199,7,51.670868,69.233116,22.536512,66.783806,0.9602817
SYN_0199,14,45.011967,69.25962,22.764788,61.513546,1.0964195
SYN_0199,21,43.803062,71.569,20.853518,67.45974,1.0217563
SYN_0199,28,76.06178,75.30941,23.85785,63.72964,1.0445024
SYN_0200,0,27.467548,83.894875,26.16891,57.024506,1.0611646
SYN_0200,7,57.020676,76.41782,26.197538,58.231346,1.0525876
SYN_0200,14,54.42762,79.110985,25.267939,61.475285,1.0586233
SYN_0200,21,73.29695,69.3935,23.868502,64.35209,1.0338507
SYN_0200,28,78.7971,68.39686,26.288849,61.49846,1.0352664
SYN_0201,0,38.302883,81.842964,24.095942,75.36725,1.1373851
SYN_0201,7,39.39299,76.87851,24.118498,69.3756,1.0965015
SYN_0201,14,61.445988,72.02792,23.368465,77.17848,1.133648
SYN_0201,21,68.584724,72.56354,23.056683,72.15045,1.1111962
SYN_0201,28,73.36983,70.58096,23.866467,66.69659,1.0971341
SYN_0202,0,30.384274,90.07928,28.654879,63.122578,0.99090713
SYN_0202,7,33.871227,87.41634,26.191534,62.152832,1.0327972
SYN_0202,14,59.07247,73.2631,28.690186,53.787018,1.0397421
SYN_0202,21,73.722275,80.342316,30.277958,56.700684,1.0421113
SYN_0202,28,69.68684,76.87698,28.509031,60.644436,1.011389
SYN_0203,0,28.014723,85.778244,27.666353,69.07541,1.010116
SYN_0203,7,46.963493,81.05419,26.456707,66.99413,1.018952
SYN_0203,14,58.20551,76.3632,27.317417,66.24186,0.9535525
SYN_0203,21,76.19128,69.59493,26.997448,66.59213,1.0261276
SYN_0203,28,79.87519,66.37847,27.352179,66.87502,0.9867393
SYN_0204,0,29.095163,87.34997,24.533716,65.96885,1.2094073
SYN_0204,7,41.64459,85.45588,25.580153,63.530155,1.2392659
SYN_0204,14,54.144264,79.56748,23.752058,67.893,1.2607645
SYN_0204,21,59.937683,78.503075,24.888773,60.53932,1.2698368
SYN_0204,28,72.04018,74.47284,26.275827,70.407326,1.2263138
SYN_0205,0,17.695717,90.343094,24.31237,68.19649,0.92602575
SYN_0205,7,29.843388,84.599976,25.103394,67.97457,0.92112
SYN_0205,14,51.145832,77.691986,25.004705,69.500824,0.9257792
SYN_0205,21,72.40165,68.73946,24.15868,72.98273,0.9222938
SYN_0205,28,81.21231,72.5202,22.86338,67.1927,0.89767677
SYN_0206,0,19.024937,92.03311,26.211302,68.90623,0.9902826
SYN_0206,7,38.617657,84.31487,26.748678,70.70005,1.0142642
SYN_0206,14,47.822453,75.1352,26.850164,68.053474,0.92392117
SYN_0206,21,58.18274,73.614784,26.310541,73.247665,0.9450968
SYN_0206,28,79.870766,68.56045,26.578587,68.11335,0.96220845
SYN_0207,0,21.393425,82.015236,26.193445,84.75205,1.0869557
SYN_0207,7,29.358204,82.04197,26.345955,75.66289,1.0718066
SYN_0207,14,51.312744,74.46345,27.245918,84.46593,1.0452839
SYN_0207,21,64.12255,74.19709,24.843882,74.342384,1.0112544
SYN_0207,28,84.83485,64.1307,25.56638,66.748474,1.0390697
SYN_0208,0,23.480194,86.335236,28.875555,73.07129,1.1187176
SYN_0208,7,33.974613,78.975464,26.919704,69.846275,1.1158185
SYN_0208,14,54.47627,73.01276,28.642265,72.47215,1.1206158
SYN_0208,21,66.85117,69.91546,27.751205,74.67944,1.1691498
SYN_0208,28,79.87918,65.10711,28.13942,72.77781,1.1129454
SYN_0209,0,38.486305,86.68496,24.577604,66.88526,1.0122832
SYN_0209,7,47.460014,77.054634,22.475187,64.60864,1.0111647
SYN_0209,14,66.812935,72.07743,25.089985,64.20187,1.0176175
SYN_0209,21,74.65418,69.68453,23.495123,63.721493,0.99134904
SYN_0209,28,87.97797,66.64171,23.109735,71.28474,1.0375781
SYN_0210,0,15.879761,90.516846,29.725344,59.021294,1.0993843
SYN_0210,7,22.216278,92.07609,27.590176,58.79698,1.1446695
SYN_0210,14,31.60248,91.717026,27.365786,57.471333,1.1539247
SYN_0210,21,58.083862,80.541756,27.571434,53.306667,1.0856856
SYN_0210,28,64.43719,78.010765,27.307411,58.932613,1.0990331
SYN_0211,0,51.46029,77.20175,32.16961,56.31642,1.0042908
SYN_0211,7,72.13398,66.66424,29.126295,67.08774,0.98596805
SYN_0211,14,76.1464,63.085636,29.760532,57.216465,0.9257085
SYN_0211,21,83.51138,57.947056,31.119127,64.65059,0.95636004
SYN_0211,28,71.84983,62.9872,27.963799,66.939354,0.98529035
SYN_0212,0,41.19113,84.80925,29.125353,73.03658,0.9294552
SYN_0212,7,43.43308,77.90439,29.637867,69.203186,0.929378
SYN_0212,14,75.812904,69.28288,27.437548,71.01445,0.8597957
SYN_0212,21,85.42922,67.99895,26.767641,73.00712,0.88688624
SYN_0212,28,100.0,66.6623,28.37416,75.53456,0.8132345
SYN_0213,0,12.162998,91.294205,27.896454,70.813286,1.1019778
SYN_0213,7,26.254692,87.136,27.498102,71.36932,1.0541854
SYN_0213,14,42.381424,81.95682,27.835316,71.576035,1.0704186
SYN_0213,21,67.92344,70.45508,27.562054,71.0376,1.0770057
SYN_0213,28,77.34322,71.24024,26.083828,69.23145,1.0787592
SYN_0214,0,27.135708,87.762726,22.057726,72.71821,0.9508159
SYN_0214,7,43.999146,79.67383,23.801987,71.94021,0.98395467
SYN_0214,14,57.61422,77.09027,23.05049,76.55758,0.92903644
SYN_0214,21,65.08127,71.35155,23.83748,70.22142,0.95750946
SYN_0214,28,84.91449,72.62332,24.50254,71.9671,0.9703122
SYN_0215,0,35.508705,80.531204,29.067686,53.600567,0.9513031
SYN_0215,7,47.70793,69.84752,29.718859,60.509148,0.9357523
SYN_0215,14,74.451355,66.63672,29.669346,52.0052,0.9531741
SYN_0215,21,68.708496,65.40168,28.319038,57.360214,0.9539268
SYN_0215,28,85.95932,64.04014,29.834831,52.503475,0.93191975
SYN_0216,0,21.593336,79.88862,24.726927,63.870163,0.92486346
SYN_0216,7,33.161045,74.66563,24.581776,61.403927,0.8813977
SYN_0216,14,61.102962,76.42581,22.422245,49.26057,0.8882583
SYN_0216,21,60.879322,75.5896,24.003183,62.02812,0.9117592
SYN_0216,28,77.32712,60.229378,25.741379,70.87925,0.8839446
SYN_0217,0,6.6086307,89.202,22.207928,67.46258,1.1065159
SYN_0217,7,34.078735,78.30659,23.792877,70.654106,1.0922086
SYN_0217,14,58.49391,69.150276,22.932112,73.724075,1.0702417
SYN_0217,21,78.684326,64.432434,24.225983,64.95429,1.1083173
SYN_0217,28,92.48199,62.11733,23.890907,65.919205,1.0534179
SYN_0218,0,25.980427,86.86519,25.912325,81.72879,1.1851233
SYN_0218,7,32.752487,91.49227,27.096935,78.75702,1.1390818
SYN_0218,14,43.869156,82.56821,24.686417,77.11622,1.0920185
SYN_0218,21,48.496025,76.06121,24.026209,81.57633,1.1182036
SYN_0218,28,64.89886,74.273186,24.222868,69.65368,1.114753
SYN_0219,0,21.683474,81.42451,26.670427,79.03841,1.0416588
SYN_0219,7,45.12839,79.00627,24.456705,75.118935,1.0329026
SYN_0219,14,65.706276,68.00813,26.124535,67.674934,1.0067102
SYN_0219,21,70.75714,63.502697,24.831942,70.476006,1.0662358
SYN_0219,28,74.644325,63.64713,24.923492,71.65345,1.0326517
SYN_0220,0,18.057285,85.53615,27.26399,67.48573,1.0638759
SYN_0220,7,28.334352,86.21391,29.40403,67.672554,1.0523635
SYN_0220,14,37.307262,76.67668,27.371264,76.31415,0.9907893
SYN_0220,21,59.65465,75.42467,25.16839,70.60104,1.0857869
SYN_0220,28,58.81824,75.84307,28.746317,65.49481,1.0082556
SYN_0221,0,20.070066,89.91327,28.352654,64.62296,0.9820794
SYN_0221,7,35.53976,83.526596,27.62668,65.158066,1.0237775
SYN_0221,14,54.409473,76.5721,30.245989,64.602585,0.96525395
SYN_0221,21,65.843666,70.18355,26.775064,68.08925,0.9794002
SYN_0221,28,75.22213,66.8075,28.860723,67.43479,0.95064473
SYN_0222,0,17.249775,90.792175,23.505995,73.48337,1.050004
SYN_0222,7,36.783604,84.99141,22.638674,74.5494,1.0476197
SYN_0222,14,56.807423,81.75864,23.207966,71.331375,1.0780593
SYN_0222,21,58.054302,77.05275,25.520632,68.33867,1.0605196
SYN_0222,28,69.76572,74.0415,24.88202,70.80961,0.9897099
SYN_0223,0,27.544827,87.79983,24.025663,74.53184,1.1379247
SYN_0223,7,45.047836,81.85328,24.1533,73.169846,1.0319097
SYN_0223,14,61.70277,74.624535,24.852974,68.43038,1.0296698
SYN_0223,21,59.813007,76.81058,26.067837,66.458115,1.019334
SYN_0223,28,75.844635,70.4521,24.920162,70.18909,1.056203
SYN_0224,0,29.218737,88.8783,28.368029,70.64437,0.8570587
SYN_0224,7,46.09876,81.43394,27.684492,69.1224,0.9162634
SYN_0224,14,52.847614,79.97907,28.158699,62.10311,0.8881361
SYN_0224,21,63.02176,69.91615,28.810741,70.99049,0.8770454
SYN_0224,28,85.71496,71.51023,26.723629,62.21565,0.872859
SYN_0225,0,25.721102,81.302315,26.373905,71.78605,1.0927765
SYN_0225,7,41.27772,75.704445,26.079296,74.6906,1.1244631
SYN_0225,14,63.39227,72.15287,24.825762,72.27008,1.1359503
SYN_0225,21,78.130424,64.044266,25.39522,71.91005,1.1359888
SYN_0225,28,80.265205,64.68604,27.09465,77.729774,1.1226991
SYN_0226,0,13.154034,90.385,23.882477,68.51001,1.125132
SYN_0226,7,10.856388,86.37921,24.851343,68.73754,1.1277058
SYN_0226,14,22.87435,85.61162,24.740885,76.62565,1.1740828
SYN_0226,21,54.247314,74.83902,22.446653,67.59877,1.0587069
SYN_0226,28,57.24536,75.329575,26.302338,61.784286,1.1303194
SYN_0227,0,27.167862,91.08515,26.948933,67.32404,1.115574
SYN_0227,7,29.757504,90.06176,28.760899,68.94744,1.1191669
SYN_0227,14,52.244507,80.91724,25.954197,65.71822,1.0720807
SYN_0227,21,54.13172,72.98743,27.389893,72.90122,1.0853993
SYN_0227,28,66.65842,74.30188,27.90745,70.582756,1.0460027
SYN_0228,0,32.6151,85.31245,27.159533,66.102,1.0441488
SYN_0228,7,39.685417,77.12276,26.999952,66.07438,1.0604827
SYN_0228,14,56.511917,68.639175,24.13685,62.885677,1.0673641
SYN_0228,21,65.40368,71.5541,25.753574,64.86145,1.0992514
SYN_0228,28,72.44763,69.56645,27.110222,67.44077,1.0074455
SYN_0229,0,20.644361,82.92101,27.841993,72.551994,1.0352232
SYN_0229,7,41.472164,76.15465,27.713566,75.38837,1.0090771
SYN_0229,14,58.631744,70.90451,26.510916,70.55478,1.0393845
SYN_0229,21,76.48256,66.55017,29.038399,78.10876,1.0239422
SYN_0229,28,79.17878,64.104935,28.300512,70.46538,1.0024172
SYN_0230,0,24.010729,90.40507,25.436537,65.47753,0.87672305
SYN_0230,7,48.575676,80.33969,25.839973,70.33768,0.8464571
SYN_0230,14,64.42871,73.08063,25.112001,68.08991,0.8406077
SYN_0230,21,84.62935,68.56627,23.55818,70.90634,0.8190999
SYN_0230,28,84.10845,64.608864,23.473856,73.498795,0.7952744
SYN_0231,0,11.117119,90.07829,28.417093,76.71212,1.1032783
SYN_0231,7,20.769041,86.2133,27.698603,79.41455,1.107523
SYN_0231,14,41.54718,79.75574,28.057384,76.94466,1.1526508
SYN_0231,21,59.346863,71.292366,29.219223,76.3167,1.1302054
SYN_0231,28,63.452496,68.96661,30.543919,77.87455,1.1243857
SYN_0232,0,6.9087825,90.05156,28.489033,62.95637,1.0240514
SYN_0232,7,33.977116,81.06454,28.494484,65.26683,0.9778078
SYN_0232,14,52.750637,76.42376,29.588058,60.49089,1.044469
SYN_0232,21,76.39719,70.15509,29.630392,64.69128,1.0635973
SYN_0232,28,71.751724,72.31031,28.162268,63.303425,0.98213094
SYN_0233,0,35.47137,88.15911,23.137598,63.069298,1.091489
SYN_0233,7,42.867245,77.5095,25.588356,61.489468,1.0507869
SYN_0233,14,43.196785,84.129906,24.052507,55.161507,1.1054907
SYN_0233,21,64.67077,79.1325,26.532476,61.8605,1.1008213
SYN_0233,28,76.96754,79.819176,26.36073,55.501766,1.0923675
SYN_0234,0,15.816971,88.253426,26.590658,61.74835,0.9564409
SYN_0234,7,35.372158,85.565025,25.298586,65.97409,0.9492216
SYN_0234,14,60.969376,73.479614,25.917067,60.587727,0.97363394
SYN_0234,21,65.23128,70.79537,24.895927,59.883984,0.9312717
SYN_0234,28,84.58386,67.186745,26.305843,61.935734,0.9319593
SYN_0235,0,24.447672,87.56267,28.627483,72.49401,1.001173
SYN_0235,7,33.763344,77.90282,24.610037,70.81112,1.0342064
SYN_0235,14,57.18479,76.22604,24.920061,66.51567,0.9948099
SYN_0235,21,66.286606,70.01382,26.024443,65.06373,1.0215461
SYN_0235,28,72.29207,69.30103,25.729649,67.552536,1.005905
SYN_0236,0,23.77516,90.81599,25.077698,60.742523,1.0063767
SYN_0236,7,42.319096,85.69096,25.574368,63.094826,1.0511979
SYN_0236,14,68.9294,78.24846,24.149748,62.584995,0.96976095
SYN_0236,21,78.12473,77.04262,24.40859,64.626205,0.97140884
SYN_0236,28,90.238335,77.7065,23.113226,56.674725,0.985571
SYN_0237,0,8.995293,97.24735,22.99198,62.516136,1.0467542
SYN_0237,7,23.543991,92.29253,22.31731,57.870354,1.1252066
SYN_0237,14,40.02194,83.62138,21.874863,55.39463,1.1104999
SYN_0237,21,64.85581,73.880264,22.22067,58.06663,1.1022042
SYN_0237,28,77.33181,71.47734,23.593437,58.44816,1.0781364
SYN_0238,0,21.407873,86.273605,28.07863,63.995945,1.0189986
SYN_0238,7,48.926548,81.11787,27.181591,59.66215,1.0195905
SYN_0238,14,65.18466,79.26753,26.405508,66.09906,1.0214736
SYN_0238,21,75.819954,69.92642,27.111485,67.13099,0.980228
SYN_0238,28,72.37183,66.54186,27.37876,64.643524,1.067807
SYN_0239,0,35.70315,81.34832,25.38837,67.69232,0.9017377
SYN_0239,7,48.76851,78.07972,24.055267,67.55901,0.9079785
SYN_0239,14,63.820934,75.01824,24.695354,69.269394,0.8902731
SYN_0239,21,71.68202,69.49549,25.406673,72.12164,0.92508286
SYN_0239,28,69.092804,70.95046,24.827282,67.16927,0.9643945
SYN_0240,0,25.574076,83.442505,22.957577,64.39283,0.9936822
SYN_0240,7,43.0336,79.31971,25.100851,62.800087,1.0102131
SYN_0240,14,64.10435,74.910255,24.841738,58.97248,1.0004913
SYN_0240,21,78.119514,67.92315,25.270582,65.04305,0.9667435
SYN_0240,28,86.35842,63.49369,23.720974,61.179672,0.98317885
SYN_0241,0,31.01169,84.62717,26.51724,76.56655,0.9235374
SYN_0241,7,44.239246,75.70277,24.90019,74.05663,0.8893189
SYN_0241,14,60.226997,68.214226,26.691532,74.36545,0.86210877
SYN_0241,21,75.37289,67.21022,26.10017,74.47842,0.9391888
SYN_0241,28,86.03766,63.283005,25.598833,73.92455,0.91403806
SYN_0242,0,29.501184,89.64165,25.645802,68.49585,1.0243038
SYN_0242,7,38.381004,84.12003,27.501568,70.931366,0.9979383
SYN_0242,14,55.209675,74.380295,25.864553,65.929535,1.0449513
SYN_0242,21,69.954865,72.010635,26.544657,65.09325,0.98489046
SYN_0242,28,70.04531,67.527954,24.660318,61.819073,0.95391506
SYN_0243,0,21.588854,88.46204,24.21419,63.68404,1.1911523
SYN_0243,7,40.43615,80.97982,25.83404,61.680943,1.199016
SYN_0243,14,49.111977,76.64416,24.817307,56.93971,1.2113662
SYN_0243,21,54.64096,70.691444,23.780838,65.05083,1.151644
SYN_0243,28,73.978165,68.38071,25.652689,60.74006,1.1604332
SYN_0244,0,31.950605,84.246445,24.159737,75.55398,0.9781964
SYN_0244,7,41.24414,78.924706,24.473164,76.13037,1.0143162
SYN_0244,14,58.22994,75.90079,25.99623,78.61257,0.9438265
SYN_0244,21,69.717545,70.39768,24.752367,76.52563,0.99388796
SYN_0244,28,71.670555,67.5901,23.894037,73.483055,0.96293896
SYN_0245,0,20.862537,83.87792,23.889334,62.140503,0.9308961
SYN_0245,7,30.178938,77.75673,25.46203,63.092014,0.96403587
SYN_0245,14,51.553207,72.61573,25.080582,71.73956,0.97413754
SYN_0245,21,67.963715,72.35801,26.1529,64.07521,0.9239424
SYN_0245,28,83.84088,62.88887,25.259155,63.74809,0.9290664
SYN_0246,0,24.102919,81.89732,23.579113,57.477406,1.0435959
SYN_0246,7,44.955257,73.94427,24.005363,56.747498,1.079547
SYN_0246,14,58.544273,69.79323,25.241903,54.90075,1.0929686
SYN_0246,21,76.30283,66.3341,25.817383,54.247116,1.0602119
SYN_0246,28,82.25188,65.54822,24.116913,52.790974,1.0858636
SYN_0247,0,33.25458,82.1676,27.91593,70.2258,0.98623
SYN_0247,7,50.640675,71.369644,26.66768,68.39863,0.9627788
SYN_0247,14,62.96069,68.03079,25.400942,66.34065,0.9791403
SYN_0247,21,80.22832,61.604824,27.623726,62.42682,0.9880454
SYN_0247,28,86.81324,60.850925,26.975124,73.590744,0.9443841
SYN_0248,0,39.814476,81.19022,21.835087,66.30804,0.9708581
SYN_0248,7,48.381683,78.597885,21.29527,61.307945,1.022121
SYN_0248,14,52.448093,77.21405,20.648521,66.859955,0.97705525
SYN_0248,21,65.41255,71.1534,22.597075,64.879166,1.0167539
SYN_0248,28,70.10615,67.44832,21.839764,65.63919,1.0356866
SYN_0249,0,23.31337,87.067314,25.202627,64.1008,1.0744449
SYN_0249,7,39.785652,89.05193,25.007261,68.56051,1.057379
SYN_0249,14,66.369316,74.372154,23.25444,60.138885,1.0875646
SYN_0249,21,65.902084,74.53569,25.104717,70.561806,1.069511
SYN_0249,28,82.895386,66.99309,23.524685,70.229095,1.0298364
SYN_0250,0,32.3165,84.66927,23.716938,72.41437,1.0346318
SYN_0250,7,42.82755,79.41968,25.253124,70.151306,1.0192533
SYN_0250,14,54.909264,75.8103,25.094551,69.944565,0.983087
SYN_0250,21,71.60066,72.37602,24.880507,73.266945,0.99862266
SYN_0250,28,75.234604,67.09889,25.516794,76.88929,0.98856616
SYN_0251,0,9.089504,87.75454,25.584831,81.101006,1.132074
SYN_0251,7,26.822258,84.90393,25.167997,76.052284,1.0954957
SYN_0251,14,40.375538,77.91761,24.123503,75.52933,1.0660471
SYN_0251,21,62.616497,72.73368,24.890491,74.10301,1.0875756
SYN_0251,28,77.52285,67.27685,22.573046,74.65481,1.0924964
SYN_0252,0,14.567005,86.51468,28.261593,63.09211,1.1337626
SYN_0252,7,26.704294,86.443214,28.046797,64.40752,1.1212853
SYN_0252,14,48.74767,80.66518,27.018665,60.080944,1.1120615
SYN_0252,21,52.290142,75.258064,27.298477,67.20416,1.1107233
SYN_0252,28,63.705143,68.4633,26.532738,70.24311,1.0840073
SYN_0253,0,21.487839,81.30255,26.373861,65.416435,1.0078721
SYN_0253,7,38.296738,76.4847,24.336412,76.768036,0.9982129
SYN_0253,14,59.036655,68.09153,27.66362,69.27388,0.9586208
SYN_0253,21,74.85458,60.625153,26.651405,68.46054,1.0622197
SYN_0253,28,86.68374,64.426216,25.727087,78.168526,0.96803516
SYN_0254,0,7.6159816,87.16739,27.695852,68.56683,1.1037999
SYN_0254,7,11.173023,87.27575,25.474003,63.22856,1.0806379
SYN_0254,14,38.32122,90.82257,26.04533,65.80276,1.1343241
SYN_0254,21,47.985363,84.34369,24.94462,69.068634,1.1297591
SYN_0254,28,63.372936,75.01922,25.397034,73.93791,1.058749
SYN_0255,0,23.804392,84.651764,26.269796,63.73499,0.8159754
SYN_0255,7,52.245102,77.689705,25.896091,68.31012,0.8041087
SYN_0255,14,69.801285,64.41898,24.459576,66.735954,0.8627603
SYN_0255,21,76.84624,67.39493,27.4694,63.502026,0.84874636
SYN_0255,28,78.21696,64.007034,27.30531,67.10448,0.8415137
SYN_0256,0,6.1795154,91.19623,25.254114,53.79441,1.0627338
SYN_0256,7,36.319622,82.37226,26.114061,55.034935,1.0814747
SYN_0256,14,54.691,74.45251,23.99514,56.567215,1.0941069
SYN_0256,21,67.243996,71.4725,26.263905,59.359734,1.0362693
SYN_0256,28,75.96792,69.7163,24.691,61.1968,1.0408362
SYN_0257,0,19.719822,88.28747,21.674406,57.95348,1.0150927
SYN_0257,7,36.05469,86.74658,20.963219,59.38002,0.9311856
SYN_0257,14,59.912582,73.57507,21.102606,61.810196,0.9565564
SYN_0257,21,56.970833,73.061195,22.668879,56.95552,0.97534007
SYN_0257,28,77.89095,67.724266,19.165136,63.958145,0.9992295
SYN_0258,0,36.43438,87.08988,27.242624,72.485176,0.9329447
SYN_0258,7,50.72665,82.273,28.350182,77.52188,0.9604807
SYN_0258,14,66.01909,71.344604,26.48832,76.38806,0.97254294
SYN_0258,21,70.71345,72.76442,29.051867,76.321815,0.9367121
SYN_0258,28,88.381065,73.74963,26.270807,78.318016,0.92410487
SYN_0259,0,46.596176,88.78363,24.647722,56.57081,0.86946464
SYN_0259,7,60.73118,78.79083,25.932503,66.1712,0.8294521
SYN_0259,14,41.18864,84.12452,27.785248,71.47056,0.9108887
SYN_0259,21,73.51121,81.4251,26.960596,75.72531,0.8019989
SYN_0259,28,79.647644,71.850174,22.851469,66.20549,0.8293207
SYN_0260,0,25.91421,87.558395,27.926975,60.265392,0.98494893
SYN_0260,7,32.049946,84.13403,24.759819,59.146305,0.9925869
SYN_0260,14,50.143005,71.07014,28.428207,60.484543,0.95366424
SYN_0260,21,65.7418,73.614845,26.39666,56.774002,0.99301726
SYN_0260,28,65.59792,72.89991,24.42802,59.057262,1.0326978
SYN_0261,0,28.660282,84.18587,26.430895,76.82909,0.9788613
SYN_0261,7,43.41257,81.72847,26.315374,71.76913,0.95807743
SYN_0261,14,60.617702,79.53181,24.578362,76.517456,0.9797614
SYN_0261,21,70.41807,73.16491,22.00473,72.287384,0.9596736
SYN_0261,28,77.03976,68.14998,25.483606,67.68325,0.9301078
SYN_0262,0,24.013287,88.03737,23.90496,61.53679,1.0226035
SYN_0262,7,35.675606,85.221756,25.467464,54.775566,1.0516828
SYN_0262,14,54.134666,77.22058,25.264986,60.929905,0.9946753
SYN_0262,21,69.54319,74.77818,24.649664,63.45695,1.03094
SYN_0262,28,67.61437,72.40447,25.025238,58.296535,1.018528
SYN_0263,0,19.446896,87.50793,26.283108,65.81476,1.1140367
SYN_0263,7,32.092762,81.445786,24.98268,63.60204,1.121111
SYN_0263,14,54.1933,75.95256,25.1923,68.68554,1.1422818
SYN_0263,21,63.53111,72.515076,24.763885,65.83349,1.1628482
SYN_0263,28,79.394615,67.826614,24.899235,67.27758,1.1461719
SYN_0264,0,34.229324,90.33571,26.34802,60.051765,1.1958547
SYN_0264,7,40.34853,82.87733,25.16494,64.95517,1.195156
SYN_0264,14,53.980556,84.267555,25.831621,66.73138,1.1602191
SYN_0264,21,56.42212,74.9568,27.001936,63.78807,1.2011302
SYN_0264,28,60.59691,74.96858,24.70774,69.72834,1.1970396
SYN_0265,0,18.440903,90.09782,27.586348,63.962837,0.93636495
SYN_0265,7,49.887012,78.38365,27.064661,67.21333,0.989549
SYN_0265,14,58.458836,74.06174,28.58507,65.05999,0.93503755
SYN_0265,21,74.875946,76.18601,28.365292,62.81591,0.9269537
SYN_0265,28,85.26661,70.69053,26.876604,59.486637,0.8993104
SYN_0266,0,28.230518,79.67427,22.931713,74.92486,0.934072
SYN_0266,7,53.10024,68.63082,24.786478,74.80496,0.84004533
SYN_0266,14,69.129364,62.079483,22.655386,75.972145,0.9080579
SYN_0266,21,87.9136,65.40695,24.362444,72.55187,0.92116666
SYN_0266,28,88.481476,57.775932,24.456396,74.85657,0.93034184
SYN_0267,0,24.910273,89.56725,27.508202,56.347157,0.99021256
SYN_0267,7,52.197525,80.08843,26.577063,54.6736,0.97725517
SYN_0267,14,65.07846,73.88727,27.013758,55.528797,0.9703173
SYN_0267,21,79.7004,67.46958,27.17785,54.92647,0.9789604
SYN_0267,28,73.52322,70.432335,25.4665,55.281605,0.96683663
SYN_0268,0,38.612354,84.95767,27.521378,68.68722,0.9607441
SYN_0268,7,55.256504,75.50112,24.51608,68.35072,1.0033143
SYN_0268,14,69.5768,66.800644,26.198896,76.71152,0.9708283
SYN_0268,21,89.75894,67.21048,26.58605,72.951935,0.95774084
SYN_0268,28,100.0,62.605267,24.882187,74.32166,0.9267371
SYN_0269,0,25.888506,83.375084,28.401598,66.04999,1.1473893
SYN_0269,7,27.274496,77.95483,27.167759,68.757866,1.1361114
SYN_0269,14,46.614532,78.600525,28.457502,67.79347,1.135589
SYN_0269,21,44.70906,76.97391,29.148708,67.24837,1.1803705
SYN_0269,28,56.47018,71.951965,29.159145,65.73588,1.168784
SYN_0270,0,29.446749,76.359474,27.254,68.41453,0.8986977
SYN_0270,7,53.696392,67.30758,25.985727,65.26391,0.9302516
SYN_0270,14,84.067215,61.705135,24.597841,64.03013,0.9201392
SYN_0270,21,77.65976,59.95302,25.432867,65.114136,0.9456366
SYN_0270,28,85.62996,56.740547,25.153704,63.350163,0.8883185
SYN_0271,0,17.804855,88.225266,26.249039,69.823395,1.0091213
SYN_0271,7,32.244095,81.19709,26.12115,73.06951,0.96991974
SYN_0271,14,49.978706,73.10998,24.462872,73.54336,0.9777386
SYN_0271,21,79.50173,73.81605,26.018204,71.42511,0.9994311
SYN_0271,28,83.63932,67.84735,25.807625,73.21586,0.9710682
SYN_0272,0,38.615944,88.58867,23.57619,67.51933,0.94789964
SYN_0272,7,56.676826,77.81358,26.35253,62.148167,0.99259984
SYN_0272,14,70.63108,74.63035,24.348942,63.049934,0.9471869
SYN_0272,21,73.57097,70.005325,25.257767,66.08032,0.9611365
SYN_0272,28,77.16351,76.42828,23.584095,64.396065,0.9910407
SYN_0273,0,10.859043,89.938225,24.128555,75.30167,0.9250727
SYN_0273,7,33.1897,83.94991,25.251873,71.62236,0.9611694
SYN_0273,14,58.966946,75.57964,26.072397,71.39531,0.96426445
SYN_0273,21,57.94268,70.856026,26.851397,67.17135,0.96067655
SYN_0273,28,80.956635,65.99184,24.52487,74.9207,0.9472786
SYN_0274,0,37.5186,83.149086,25.61976,63.554,1.0240763
SYN_0274,7,46.187836,78.443535,23.865341,70.43986,1.0123885
SYN_0274,14,62.768555,71.770424,23.998312,69.23841,1.0212512
SYN_0274,21,70.046196,69.77343,25.321302,70.9574,1.0254458
SYN_0274,28,89.97125,68.9271,26.146626,71.35162,1.0214981
SYN_0275,0,14.86919,96.49156,24.514046,66.35913,1.193826
SYN_0275,7,20.211903,88.23195,23.780714,67.22162,1.2087781
SYN_0275,14,35.49546,81.17037,24.159729,65.18954,1.1817206
SYN_0275,21,45.709538,76.7821,25.056011,61.63225,1.1634964
SYN_0275,28,66.05201,72.58089,26.213526,69.07237,1.1873451
SYN_0276,0,24.627321,86.067604,25.223337,67.815926,1.0508997
SYN_0276,7,32.635757,83.51447,25.366041,62.39644,1.1063353
SYN_0276,14,42.097134,77.20365,26.835566,60.71261,1.0740931
SYN_0276,21,66.71145,72.77638,26.640785,68.75867,1.1174835
SYN_0276,28,78.34496,65.18314,24.693125,59.83424,1.1103855
SYN_0277,0,9.982876,90.30232,24.638971,58.37071,0.9604162
SYN_0277,7,28.937853,84.05092,25.680155,55.315006,0.9547798
SYN_0277,14,48.47564,74.48595,25.590347,61.32559,0.94017553
SYN_0277,21,69.891396,66.595665,25.445503,59.14692,0.9680376
SYN_0277,28,79.173996,66.12624,26.418337,56.320065,0.9613332
SYN_0278,0,29.528505,90.868996,27.185284,67.34325,1.0540245
SYN_0278,7,26.972488,88.14391,27.05342,69.86804,1.1847663
SYN_0278,14,48.618664,82.89792,26.93125,67.648506,1.110636
SYN_0278,21,60.241665,76.62101,24.351122,67.18893,1.073942
SYN_0278,28,67.46542,72.60454,28.419329,68.53646,1.0970222
SYN_0279,0,16.563328,85.81612,23.894672,73.554436,1.1302917
SYN_0279,7,28.537598,83.34214,24.586752,71.42687,1.1484874
SYN_0279,14,45.957207,78.57599,25.448387,68.9553,1.132583
SYN_0279,21,70.87519,69.63876,26.546272,72.68727,1.1002257
SYN_0279,28,84.507454,68.30759,24.928862,71.97247,1.1437337
SYN_0280,0,26.391403,85.96181,28.055758,63.880577,1.0547688
SYN_0280,7,28.881912,78.9256,26.379711,64.13785,1.0484577
SYN_0280,14,49.522934,72.88472,26.750275,62.245045,1.089555
SYN_0280,21,65.83143,68.05477,27.20819,66.79652,1.0732307
SYN_0280,28,84.6741,66.78055,27.555386,64.58941,1.1155183
SYN_0281,0,18.590893,96.34087,27.991022,83.57141,1.0855172
SYN_0281,7,36.3574,86.79527,26.528503,80.45913,1.0649377
SYN_0281,14,45.000164,83.76986,27.038631,77.07495,1.1024605
SYN_0281,21,58.582615,77.2105,27.986856,76.43117,1.0786972
SYN_0281,28,74.04115,77.15204,27.405262,80.5714,1.1057036
SYN_0282,0,23.048107,90.83273,28.81571,67.99625,0.97567487
SYN_0282,7,38.676895,80.313934,29.529497,69.734406,0.98986167
SYN_0282,14,43.380043,73.41667,28.777224,65.66985,1.0178776
SYN_0282,21,67.0232,72.86217,28.00018,70.87126,0.9481015
SYN_0282,28,67.546974,69.41373,29.478882,72.46534,0.9601661
SYN_0283,0,6.155742,86.379486,22.91404,76.22652,0.99426943
SYN_0283,7,37.598946,77.00129,24.460703,73.07309,0.92463535
SYN_0283,14,59.084324,62.193363,23.03566,68.261154,0.9776301
SYN_0283,21,69.55745,57.747837,23.414232,66.99187,1.014613
SYN_0283,28,77.02076,61.951073,22.408033,69.64695,0.97078925
SYN_0284,0,21.30002,81.63516,25.573256,61.33067,0.9370692
SYN_0284,7,39.893093,77.30271,27.22513,54.60987,0.94824463
SYN_0284,14,73.033165,71.75978,25.38865,58.745102,0.95265967
SYN_0284,21,69.51989,67.11734,26.54507,54.551517,0.94086355
SYN_0284,28,87.61632,68.40261,27.099937,59.571484,0.9046589
SYN_0285,0,50.5084,85.77563,25.410887,67.773315,1.0890878
SYN_0285,7,56.05302,76.89794,25.702782,63.102367,1.0300485
SYN_0285,14,65.55016,75.31162,25.952509,64.893845,1.0538518
SYN_0285,21,74.90934,67.94804,27.220469,65.11542,1.0256906
SYN_0285,28,79.88383,68.767136,25.556023,71.21062,1.0693243
SYN_0286,0,10.881165,94.9634,27.762083,62.746964,1.0037855
SYN_0286,7,19.115768,87.744415,25.796925,66.53473,1.040183
SYN_0286,14,51.63017,74.61565,28.779285,61.272655,1.0523001
SYN_0286,21,73.00437,67.362625,27.649319,65.30786,0.99870074
SYN_0286,28,90.659515,64.68845,26.028368,61.111282,1.0206035
SYN_0287,0,28.300467,88.789604,26.118526,63.815865,0.9951512
SYN_0287,7,44.56445,78.77654,26.74392,65.60653,1.0396446
SYN_0287,14,65.39114,74.19372,27.133438,66.91037,1.0480915
SYN_0287,21,69.30923,70.87747,28.572693,64.95377,1.0146574
SYN_0287,28,70.20715,70.24345,25.043781,68.19852,0.99852043
SYN_0288,0,21.519773,91.22692,26.027496,60.80935,0.93209755
SYN_0288,7,30.25689,86.459946,24.925673,58.327034,0.9585849
SYN_0288,14,55.690147,79.58742,25.714542,58.03255,0.92151755
SYN_0288,21,69.41054,74.89706,26.49085,61.91768,0.95654905
SYN_0288,28,79.94164,74.70368,26.989674,54.16745,0.9403425
SYN_0289,0,10.920109,100.0,26.656881,74.50928,0.8681341
SYN_0289,7,6.7342715,92.64463,26.611202,77.997955,0.90956026
SYN_0289,14,49.03837,82.823715,24.217684,71.3587,0.8848006
SYN_0289,21,76.15539,75.89537,25.458954,72.81508,0.9161322
SYN_0289,28,81.680244,70.20326,26.485247,73.16722,0.85592586
SYN_0290,0,24.979204,87.667274,28.78831,59.709713,1.0468733
SYN_0290,7,40.163406,84.373856,27.88122,64.106445,1.0313334
SYN_0290,14,55.345707,77.11308,28.394384,63.43512,1.0126262
SYN_0290,21,77.65676,67.17599,28.600647,57.96141,1.0328112
SYN_0290,28,80.926125,70.68324,28.025517,61.09461,1.0701218
SYN_0291,0,14.160233,92.53342,25.242844,68.63394,1.1372219
SYN_0291,7,24.91068,88.76081,25.890297,69.92943,1.1243439
SYN_0291,14,53.824425,85.91782,24.903498,72.918846,1.0620632
SYN_0291,21,67.32911,75.50075,23.336735,70.6379,1.1196676
SYN_0291,28,65.97822,74.432304,25.183376,69.65374,1.0484326
SYN_0292,0,10.713329,85.67976,25.603706,65.876274,1.1016777
SYN_0292,7,36.380497,82.59698,27.095602,68.96104,1.083515
SYN_0292,14,45.659748,71.58475,26.073265,65.500404,1.1295689
SYN_0292,21,55.982098,70.83449,26.790062,71.810165,1.1338413
SYN_0292,28,74.98102,65.39018,25.825335,70.90812,1.1059573
SYN_0293,0,22.192614,88.04829,25.464973,67.58674,0.8948608
SYN_0293,7,39.293983,78.61028,25.482107,65.19466,0.9580489
SYN_0293,14,56.329422,70.510414,24.519,66.38605,0.88665885
SYN_0293,21,74.73279,70.27122,24.394121,66.116,0.91447306
SYN_0293,28,73.21515,68.91014,25.914906,64.6248,0.8795412
SYN_0294,0,18.607841,85.58991,28.085224,81.487564,1.0113577
SYN_0294,7,45.122665,79.219604,27.477097,77.286514,1.0848771
SYN_0294,14,62.816704,69.52814,27.170986,74.48769,1.0719658
SYN_0294,21,85.83617,64.54434,26.96179,87.56919,1.0529022
SYN_0294,28,78.69961,62.358444,27.290401,81.34246,1.0192746
SYN_0295,0,22.287277,85.93177,24.56972,67.087975,1.1321267
SYN_0295,7,35.60756,86.0688,25.723612,64.27837,1.1247559
SYN_0295,14,31.102732,83.53465,23.24723,69.6248,1.1195791
SYN_0295,21,57.891884,75.22787,25.268265,63.65245,1.1954907
SYN_0295,28,74.16582,70.94387,25.985237,59.510674,1.1552981
SYN_0296,0,44.24064,78.87154,28.252632,57.00298,1.1628174
SYN_0296,7,65.529564,75.29478,25.312447,48.002365,1.1375091
SYN_0296,14,53.10808,74.62891,25.947947,72.14494,1.1590972
SYN_0296,21,63.519936,73.10814,26.472076,65.71767,1.110247
SYN_0296,28,72.55056,74.00368,25.533258,53.182217,1.1277333
SYN_0297,0,24.670473,84.468094,24.472143,68.264854,1.2315112
SYN_0297,7,37.496693,83.85058,25.544474,64.959564,1.2270055
SYN_0297,14,42.984364,83.738686,24.956537,63.16853,1.1475455
SYN_0297,21,49.262474,80.580315,25.607468,72.45852,1.2391433
SYN_0297,28,64.95361,75.96778,25.34842,68.301476,1.2235255
SYN_0298,0,37.4163,88.02156,28.88723,77.545425,1.1148071
SYN_0298,7,43.233093,84.176605,26.874735,67.552505,1.064806
SYN_0298,14,61.865406,78.083626,28.991867,75.055855,1.1188941
SYN_0298,21,60.41812,77.400085,26.72273,77.95883,1.1039975
SYN_0298,28,64.482994,76.33439,28.046576,74.11241,1.1431825
SYN_0299,0,16.70903,91.1307,25.668896,54.23666,1.1299545
SYN_0299,7,31.133808,83.232216,26.041065,52.320175,1.1727904
SYN_0299,14,43.5091,73.38873,26.090689,51.294937,1.1476774
SYN_0299,21,62.56794,73.36946,25.649874,58.04851,1.1780494
SYN_0299,28,66.825096,67.7578,26.525911,52.09436,1.1667297
SYN_0300,0,39.02906,87.31181,28.372942,75.978035,1.1642386
SYN_0300,7,36.809654,81.91519,28.290539,56.49456,1.1044077
SYN_0300,14,56.69133,78.359245,25.13373,64.23053,1.1124917
SYN_0300,21,40.3954,84.54008,23.777029,58.469658,1.1395627
SYN_0300,28,67.63252,66.91113,25.286991,60.743874,1.1427248
